
# Begin to start all openim service scripts

## Pre Starting OpenIM services
[31m!!! Error in ./scripts/start-all.sh:75 [0m
  Error in ./scripts/start-all.sh:75. '${TOOLS_START_SCRIPTS_PATH} openim::tools::pre-start' exited with status 126
Call stack:
  1: ./scripts/start-all.sh:75 main(...)
Exiting with status 1

# Begin to start all openim service scripts

## Pre Starting OpenIM services
Preparing to start OpenIM Tools...
Starting ncpu...
Starting PATH: /usr/local/etc/openim/open-im-server-main/_output/bin/tools/linux/amd64/ncpu...
Starting ncpu...
Starting component...
Starting PATH: /usr/local/etc/openim/open-im-server-main/_output/bin/tools/linux/amd64/component...
Starting component...
Starting up35...
Starting PATH: /usr/local/etc/openim/open-im-server-main/_output/bin/tools/linux/amd64/up35...
Starting up35...

## Starting OpenIM services
+++ [0822 16:39:55] Starting script: openim-api.sh
Starting openim-api ...
Stopping services on ports: 10002
Stopped services on ports:
Successfully stopped service on port 10002.
[32m[success 0822 16:39:55] [0m==>  All specified services were stopped.
OpenIM openim-api config path: /usr/local/etc/openim/open-im-server-main/config/
Starting openim-api service, port: 10002, binary root: /usr/local/etc/openim/open-im-server-main/_output/bin/platforms/linux/amd64/openim-api
nohup: ignoring input
2025/08/22 16:39:55 maxprocs: Leaving GOMAXPROCS=4: CPU quota undefined
configFolderPath: /usr/local/etc/openim/open-im-server-main/config/
use config /usr/local/etc/openim/open-im-server-main/config/config.yaml
use config /usr/local/etc/openim/open-im-server-main/config/notification.yaml
PortFromConfig: prometheus_port
GetPortFromConfig: prometheus_port
Checking ports: 10002

### Started ports:
Port 10002 - Command: openim-api, PID: 131666, FD: 11, Started: Fri Aug 22 16:39:54 2025
[32m[success 0822 16:39:57] [0m==>  All specified processes are running.
openim-api.sh executed successfully.
+++ [0822 16:39:57] Starting script: openim-rpc.sh
Starting openim-rpc ...
Stopping services on ports: 10110
Stopped services on ports:
Successfully stopped service on port 10110.
[32m[success 0822 16:39:58] [0m==>  All specified services were stopped.
OpenIM openim-rpc-user config path: /usr/local/etc/openim/open-im-server-main/config
Starting openim-rpc-user service, port: 10110, prometheus port: 20110, binary root: /usr/local/etc/openim/open-im-server-main/_output/bin/platforms/linux/amd64/openim-rpc-user
nohup: ignoring input
Stopping services on ports: 10120
2025/08/22 16:39:58 maxprocs: Leaving GOMAXPROCS=4: CPU quota undefined
configFolderPath: /usr/local/etc/openim/open-im-server-main/config
use config /usr/local/etc/openim/open-im-server-main/config/config.yaml
use config /usr/local/etc/openim/open-im-server-main/config/notification.yaml
start User server, port: 10110, prometheusPort: 20110, OpenIM version: v3.3.0
Stopped services on ports:
Successfully stopped service on port 10120.
[32m[success 0822 16:39:58] [0m==>  All specified services were stopped.
OpenIM openim-rpc-friend config path: /usr/local/etc/openim/open-im-server-main/config
Starting openim-rpc-friend service, port: 10120, prometheus port: 20120, binary root: /usr/local/etc/openim/open-im-server-main/_output/bin/platforms/linux/amd64/openim-rpc-friend
Stopping services on ports: 10130
nohup: ignoring input
2025/08/22 16:39:58 maxprocs: Leaving GOMAXPROCS=4: CPU quota undefined
configFolderPath: /usr/local/etc/openim/open-im-server-main/config
use config /usr/local/etc/openim/open-im-server-main/config/config.yaml
use config /usr/local/etc/openim/open-im-server-main/config/notification.yaml
start Friend server, port: 10120, prometheusPort: 20120, OpenIM version: v3.3.0
Stopped services on ports:
Successfully stopped service on port 10130.
2025/08/22 16:39:58 Unable to start a http server.
[32m[success 0822 16:39:58] [0m==>  All specified services were stopped.
OpenIM openim-rpc-msg config path: /usr/local/etc/openim/open-im-server-main/config
Starting openim-rpc-msg service, port: 10130, prometheus port: 20130, binary root: /usr/local/etc/openim/open-im-server-main/_output/bin/platforms/linux/amd64/openim-rpc-msg
nohup: ignoring input
Stopping services on ports: 10150
2025/08/22 16:39:58 maxprocs: Leaving GOMAXPROCS=4: CPU quota undefined
configFolderPath: /usr/local/etc/openim/open-im-server-main/config
use config /usr/local/etc/openim/open-im-server-main/config/config.yaml
use config /usr/local/etc/openim/open-im-server-main/config/notification.yaml
start Msg server, port: 10130, prometheusPort: 20130, OpenIM version: v3.3.0
2025/08/22 16:39:58 Unable to start a http server.
Stopped services on ports:
Successfully stopped service on port 10150.
[32m[success 0822 16:39:58] [0m==>  All specified services were stopped.
OpenIM openim-rpc-group config path: /usr/local/etc/openim/open-im-server-main/config
Starting openim-rpc-group service, port: 10150, prometheus port: 20150, binary root: /usr/local/etc/openim/open-im-server-main/_output/bin/platforms/linux/amd64/openim-rpc-group
nohup: ignoring input
Stopping services on ports: 10160
2025/08/22 16:39:58 maxprocs: Leaving GOMAXPROCS=4: CPU quota undefined
configFolderPath: /usr/local/etc/openim/open-im-server-main/config
use config /usr/local/etc/openim/open-im-server-main/config/config.yaml
use config /usr/local/etc/openim/open-im-server-main/config/notification.yaml
start Group server, port: 10150, prometheusPort: 20150, OpenIM version: v3.3.0
Stopped services on ports:
Successfully stopped service on port 10160.
[32m[success 0822 16:39:58] [0m==>  All specified services were stopped.
2025/08/22 16:39:58 Unable to start a http server.
OpenIM openim-rpc-auth config path: /usr/local/etc/openim/open-im-server-main/config
Starting openim-rpc-auth service, port: 10160, prometheus port: 20160, binary root: /usr/local/etc/openim/open-im-server-main/_output/bin/platforms/linux/amd64/openim-rpc-auth
nohup: ignoring input
Stopping services on ports: 10180
2025/08/22 16:39:58 maxprocs: Leaving GOMAXPROCS=4: CPU quota undefined
configFolderPath: /usr/local/etc/openim/open-im-server-main/config
use config /usr/local/etc/openim/open-im-server-main/config/config.yaml
use config /usr/local/etc/openim/open-im-server-main/config/notification.yaml
start Auth server, port: 10160, prometheusPort: 20160, OpenIM version: v3.3.0
2025/08/22 16:39:58 Unable to start a http server.
Stopped services on ports:
Successfully stopped service on port 10180.
[32m[success 0822 16:39:58] [0m==>  All specified services were stopped.
OpenIM openim-rpc-conversation config path: /usr/local/etc/openim/open-im-server-main/config
Starting openim-rpc-conversation service, port: 10180, prometheus port: 20230, binary root: /usr/local/etc/openim/open-im-server-main/_output/bin/platforms/linux/amd64/openim-rpc-conversation
nohup: ignoring input
Stopping services on ports: 10190
2025/08/22 16:39:58 Unable to start a http server.
2025/08/22 16:39:58 maxprocs: Leaving GOMAXPROCS=4: CPU quota undefined
configFolderPath: /usr/local/etc/openim/open-im-server-main/config
use config /usr/local/etc/openim/open-im-server-main/config/config.yaml
use config /usr/local/etc/openim/open-im-server-main/config/notification.yaml
start Conversation server, port: 10180, prometheusPort: 20230, OpenIM version: v3.3.0
Stopped services on ports:
Successfully stopped service on port 10190.
[32m[success 0822 16:39:58] [0m==>  All specified services were stopped.
OpenIM openim-rpc-third config path: /usr/local/etc/openim/open-im-server-main/config
Starting openim-rpc-third service, port: 10190, prometheus port: 21301, binary root: /usr/local/etc/openim/open-im-server-main/_output/bin/platforms/linux/amd64/openim-rpc-third
nohup: ignoring input
Stopping services on ports: 10200
2025/08/22 16:39:58 maxprocs: Leaving GOMAXPROCS=4: CPU quota undefined
configFolderPath: /usr/local/etc/openim/open-im-server-main/config
use config /usr/local/etc/openim/open-im-server-main/config/config.yaml
use config /usr/local/etc/openim/open-im-server-main/config/notification.yaml
start Third server, port: 10190, prometheusPort: 21301, OpenIM version: v3.3.0
2025/08/22 16:39:58 Unable to start a http server.
Stopped services on ports:
Successfully stopped service on port 10200.
[32m[success 0822 16:39:58] [0m==>  All specified services were stopped.
OpenIM openim-rpc-encryption config path: /usr/local/etc/openim/open-im-server-main/config
Starting openim-rpc-encryption service, port: 10200, prometheus port: 21302, binary root: /usr/local/etc/openim/open-im-server-main/_output/bin/platforms/linux/amd64/openim-rpc-encryption
nohup: ignoring input
2025/08/22 16:39:58 maxprocs: Leaving GOMAXPROCS=4: CPU quota undefined
configFolderPath: /usr/local/etc/openim/open-im-server-main/config
use config /usr/local/etc/openim/open-im-server-main/config/config.yaml
use config /usr/local/etc/openim/open-im-server-main/config/notification.yaml
start Encryption server, port: 10200, prometheusPort: 21302, OpenIM version: v3.3.0
2025/08/22 16:39:59 Unable to start a http server.
2025/08/22 16:39:59 Unable to start a http server.
Checking ports: 10110 10120 10130 10150 10160 10180 10190 10200

### Not started ports:
!!! [0822 16:40:00] Port 10110 is not started.
!!! [0822 16:40:00] Port 10120 is not started.
!!! [0822 16:40:00] Port 10130 is not started.
!!! [0822 16:40:00] Port 10150 is not started.
!!! [0822 16:40:00] Port 10160 is not started.
!!! [0822 16:40:00] Port 10180 is not started.
!!! [0822 16:40:00] Port 10190 is not started.
!!! [0822 16:40:00] Port 10200 is not started.
!!! [0822 16:40:00] Call tree:
!!! [0822 16:40:00]  1: /usr/local/etc/openim/open-im-server-main/scripts/install/openim-rpc.sh:245 openim::rpc::start(...)
[31m!!! Error in /usr/local/etc/openim/open-im-server-main/scripts/install/openim-rpc.sh:147 [0m
  Error in /usr/local/etc/openim/open-im-server-main/scripts/install/openim-rpc.sh:147. 'return 1' exited with status 1
Call stack:
  1: /usr/local/etc/openim/open-im-server-main/scripts/install/openim-rpc.sh:147 openim::rpc::start(...)
  2: /usr/local/etc/openim/open-im-server-main/scripts/install/openim-rpc.sh:245 main(...)
Exiting with status 1
!!! [0822 16:40:00] Call tree:
!!! [0822 16:40:00]  1: ./scripts/start-all.sh:78 execute_scripts(...)
[31m!!! Error in ./scripts/start-all.sh:55 [0m
  Error in ./scripts/start-all.sh:55. '"$script_path" "$arg"' exited with status 1
Call stack:
  1: ./scripts/start-all.sh:55 execute_scripts(...)
  2: ./scripts/start-all.sh:78 main(...)
Exiting with status 1

# Begin to stop all openim service
Stopping services on ports: 10110 10120 10130 10140 10150 10160 10170 10180 10190 10002 10001
Stopped services on ports:
Successfully stopped service on port 10140.
Successfully stopped service on port 10002.
[32m[success 0822 16:45:13] [0m==>  All specified services were stopped.
Stopping services with names: /usr/local/etc/openim/open-im-server-main/_output/bin/platforms/linux/amd64
Services that couldn't be stopped:
+++ [0822 16:45:13] Failed to stop the /usr/local/etc/openim/open-im-server-main/_output/bin/platforms/linux/amd64 service.
[32m[success 0822 16:45:13] [0m==>  All specified services were stopped.

# Begin to start all openim service scripts

## Pre Starting OpenIM services
Preparing to start OpenIM Tools...
Starting ncpu...
Starting PATH: /usr/local/etc/openim/open-im-server-main/_output/bin/tools/linux/amd64/ncpu...
Starting ncpu...
Starting component...
Starting PATH: /usr/local/etc/openim/open-im-server-main/_output/bin/tools/linux/amd64/component...
Starting component...
Starting up35...
Starting PATH: /usr/local/etc/openim/open-im-server-main/_output/bin/tools/linux/amd64/up35...
Starting up35...

## Starting OpenIM services
+++ [0822 16:45:23] Starting script: openim-api.sh
Starting openim-api ...
Stopping services on ports: 10002
[32m[success 0822 16:45:23] [0m==>  All specified services were stopped.
OpenIM openim-api config path: /usr/local/etc/openim/open-im-server-main/config/
Starting openim-api service, port: 10002, binary root: /usr/local/etc/openim/open-im-server-main/_output/bin/platforms/linux/amd64/openim-api
2025/08/22 16:45:23 maxprocs: Leaving GOMAXPROCS=4: CPU quota undefined
configFolderPath: /usr/local/etc/openim/open-im-server-main/config/
use config /usr/local/etc/openim/open-im-server-main/config/config.yaml
use config /usr/local/etc/openim/open-im-server-main/config/notification.yaml
PortFromConfig: prometheus_port
GetPortFromConfig: prometheus_port
Checking ports: 10002

### Started ports:
Port 10002 - Command: openim-api, PID: 139931, FD: 11, Started: Fri Aug 22 16:45:22 2025
[32m[success 0822 16:45:25] [0m==>  All specified processes are running.
openim-api.sh executed successfully.
+++ [0822 16:45:25] Starting script: openim-rpc.sh
Starting openim-rpc ...
Stopping services on ports: 10110
[32m[success 0822 16:45:26] [0m==>  All specified services were stopped.
OpenIM openim-rpc-user config path: /usr/local/etc/openim/open-im-server-main/config
Starting openim-rpc-user service, port: 10110, prometheus port: 20110, binary root: /usr/local/etc/openim/open-im-server-main/_output/bin/platforms/linux/amd64/openim-rpc-user
Stopping services on ports: 10120
2025/08/22 16:45:26 maxprocs: Leaving GOMAXPROCS=4: CPU quota undefined
configFolderPath: /usr/local/etc/openim/open-im-server-main/config
use config /usr/local/etc/openim/open-im-server-main/config/config.yaml
use config /usr/local/etc/openim/open-im-server-main/config/notification.yaml
start User server, port: 10110, prometheusPort: 20110, OpenIM version: v3.3.0
[32m[success 0822 16:45:26] [0m==>  All specified services were stopped.
OpenIM openim-rpc-friend config path: /usr/local/etc/openim/open-im-server-main/config
Starting openim-rpc-friend service, port: 10120, prometheus port: 20120, binary root: /usr/local/etc/openim/open-im-server-main/_output/bin/platforms/linux/amd64/openim-rpc-friend
Stopping services on ports: 10130
2025/08/22 16:45:26 maxprocs: Leaving GOMAXPROCS=4: CPU quota undefined
configFolderPath: /usr/local/etc/openim/open-im-server-main/config
use config /usr/local/etc/openim/open-im-server-main/config/config.yaml
use config /usr/local/etc/openim/open-im-server-main/config/notification.yaml
start Friend server, port: 10120, prometheusPort: 20120, OpenIM version: v3.3.0
[32m[success 0822 16:45:26] [0m==>  All specified services were stopped.
OpenIM openim-rpc-msg config path: /usr/local/etc/openim/open-im-server-main/config
Starting openim-rpc-msg service, port: 10130, prometheus port: 20130, binary root: /usr/local/etc/openim/open-im-server-main/_output/bin/platforms/linux/amd64/openim-rpc-msg
Stopping services on ports: 10150
2025/08/22 16:45:26 maxprocs: Leaving GOMAXPROCS=4: CPU quota undefined
configFolderPath: /usr/local/etc/openim/open-im-server-main/config
use config /usr/local/etc/openim/open-im-server-main/config/config.yaml
use config /usr/local/etc/openim/open-im-server-main/config/notification.yaml
start Msg server, port: 10130, prometheusPort: 20130, OpenIM version: v3.3.0
[32m[success 0822 16:45:26] [0m==>  All specified services were stopped.
OpenIM openim-rpc-group config path: /usr/local/etc/openim/open-im-server-main/config
Starting openim-rpc-group service, port: 10150, prometheus port: 20150, binary root: /usr/local/etc/openim/open-im-server-main/_output/bin/platforms/linux/amd64/openim-rpc-group
Stopping services on ports: 10160
2025/08/22 16:45:26 maxprocs: Leaving GOMAXPROCS=4: CPU quota undefined
configFolderPath: /usr/local/etc/openim/open-im-server-main/config
use config /usr/local/etc/openim/open-im-server-main/config/config.yaml
use config /usr/local/etc/openim/open-im-server-main/config/notification.yaml
start Group server, port: 10150, prometheusPort: 20150, OpenIM version: v3.3.0
[32m[success 0822 16:45:26] [0m==>  All specified services were stopped.
OpenIM openim-rpc-auth config path: /usr/local/etc/openim/open-im-server-main/config
Starting openim-rpc-auth service, port: 10160, prometheus port: 20160, binary root: /usr/local/etc/openim/open-im-server-main/_output/bin/platforms/linux/amd64/openim-rpc-auth
Stopping services on ports: 10180
2025/08/22 16:45:26 maxprocs: Leaving GOMAXPROCS=4: CPU quota undefined
configFolderPath: /usr/local/etc/openim/open-im-server-main/config
use config /usr/local/etc/openim/open-im-server-main/config/config.yaml
use config /usr/local/etc/openim/open-im-server-main/config/notification.yaml
start Auth server, port: 10160, prometheusPort: 20160, OpenIM version: v3.3.0
[32m[success 0822 16:45:26] [0m==>  All specified services were stopped.
OpenIM openim-rpc-conversation config path: /usr/local/etc/openim/open-im-server-main/config
Starting openim-rpc-conversation service, port: 10180, prometheus port: 20230, binary root: /usr/local/etc/openim/open-im-server-main/_output/bin/platforms/linux/amd64/openim-rpc-conversation
Stopping services on ports: 10190
2025/08/22 16:45:26 maxprocs: Leaving GOMAXPROCS=4: CPU quota undefined
configFolderPath: /usr/local/etc/openim/open-im-server-main/config
use config /usr/local/etc/openim/open-im-server-main/config/config.yaml
use config /usr/local/etc/openim/open-im-server-main/config/notification.yaml
start Conversation server, port: 10180, prometheusPort: 20230, OpenIM version: v3.3.0
[32m[success 0822 16:45:26] [0m==>  All specified services were stopped.
OpenIM openim-rpc-third config path: /usr/local/etc/openim/open-im-server-main/config
Starting openim-rpc-third service, port: 10190, prometheus port: 21301, binary root: /usr/local/etc/openim/open-im-server-main/_output/bin/platforms/linux/amd64/openim-rpc-third
Stopping services on ports: 10200
2025/08/22 16:45:26 maxprocs: Leaving GOMAXPROCS=4: CPU quota undefined
configFolderPath: /usr/local/etc/openim/open-im-server-main/config
use config /usr/local/etc/openim/open-im-server-main/config/config.yaml
use config /usr/local/etc/openim/open-im-server-main/config/notification.yaml
start Third server, port: 10190, prometheusPort: 21301, OpenIM version: v3.3.0
[32m[success 0822 16:45:26] [0m==>  All specified services were stopped.
OpenIM openim-rpc-encryption config path: /usr/local/etc/openim/open-im-server-main/config
Starting openim-rpc-encryption service, port: 10200, prometheus port: 21302, binary root: /usr/local/etc/openim/open-im-server-main/_output/bin/platforms/linux/amd64/openim-rpc-encryption
2025/08/22 16:45:26 maxprocs: Leaving GOMAXPROCS=4: CPU quota undefined
configFolderPath: /usr/local/etc/openim/open-im-server-main/config
use config /usr/local/etc/openim/open-im-server-main/config/config.yaml
use config /usr/local/etc/openim/open-im-server-main/config/notification.yaml
start Encryption server, port: 10200, prometheusPort: 21302, OpenIM version: v3.3.0
Checking ports: 10110 10120 10130 10150 10160 10180 10190 10200

### Started ports:
Port 10110 - Command: openim-rpc-user, PID: 140453, FD: 3, Started: Fri Aug 22 16:45:25 2025
Port 10120 - Command: openim-rpc-frie, PID: 140481, FD: 3, Started: Fri Aug 22 16:45:25 2025
Port 10130 - Command: openim-rpc-msg, PID: 140513, FD: 3, Started: Fri Aug 22 16:45:25 2025
Port 10150 - Command: openim-rpc-grou, PID: 140548, FD: 3, Started: Fri Aug 22 16:45:25 2025
Port 10160 - Command: openim-rpc-auth, PID: 140581, FD: 3, Started: Fri Aug 22 16:45:25 2025
Port 10180 - Command: openim-rpc-conv, PID: 140619, FD: 3, Started: Fri Aug 22 16:45:25 2025
Port 10190 - Command: openim-rpc-thir, PID: 140652, FD: 3, Started: Fri Aug 22 16:45:25 2025
Port 10200 - Command: openim-rpc-encr, PID: 140692, FD: 3, Started: Fri Aug 22 16:45:25 2025
[32m[success 0822 16:45:28] [0m==>  All specified processes are running.
openim-rpc.sh executed successfully.
+++ [0822 16:45:28] Starting script: openim-push.sh
+++ [0822 16:45:28] Start OpenIM Push, binary root: openim-push
Start OpenIM Push, path: /usr/local/etc/openim/open-im-server-main/_output/bin/platforms/linux/amd64/openim-push
+++ [0822 16:45:28] prepare start push process, path: /usr/local/etc/openim/open-im-server-main/_output/bin/platforms/linux/amd64/openim-push
+++ [0822 16:45:28] prepare start push process, port: 10170, prometheus port: 20170
Stopping services with names: openim-push
Services that couldn't be stopped:
+++ [0822 16:45:28] Failed to stop the openim-push service.
[32m[success 0822 16:45:28] [0m==>  All specified services were stopped.
+++ [0822 16:45:28] push port list: 10170
+++ [0822 16:45:28] prometheus port list: 20170
start push process, port: 10170, prometheus port: 20170
Checking processes: openim-push
2025/08/22 16:45:28 maxprocs: Leaving GOMAXPROCS=4: CPU quota undefined
configFolderPath: /usr/local/etc/openim/open-im-server-main/config/
use config /usr/local/etc/openim/open-im-server-main/config/config.yaml
use config /usr/local/etc/openim/open-im-server-main/config/notification.yaml
start Push server, port: 10170, prometheusPort: 20170, OpenIM version: v3.3.0
Started processes:
Process openim-push - Command: bash /usr/local/etc/openim/open-im-server-main/scripts/install/openim-push.sh openim::push::start, PID: 140897, Port: N/A, Start time: Fri Aug 22 16:45:27 2025
Process openim-push - Command: /usr/local/etc/openim/open-im-server-main/_output/bin/platforms/linux/amd64/openim-push --port 10170 -c /usr/local/etc/openim/open-im-server-main/config/ --prometheus_port 20170, PID: 141375, Port: 20170
10170, Start time: Fri Aug 22 16:45:27 2025
Process openim-push - Command: , PID: 141378, Port: N/A, Start time: 
[32m[success 0822 16:45:29] [0m==>  All processes are running.
openim-push.sh executed successfully.
+++ [0822 16:45:29] Starting script: openim-msgtransfer.sh
Start OpenIM Msggateway, binary root: openim-msgtransfer
+++ [0822 16:45:29] Start OpenIM Msggateway, path: /usr/local/etc/openim/open-im-server-main/_output/bin/platforms/linux/amd64/openim-msgtransfer
Stopping services with names: /usr/local/etc/openim/open-im-server-main/_output/bin/platforms/linux/amd64/openim-msgtransfer
Services that couldn't be stopped:
+++ [0822 16:45:29] Failed to stop the /usr/local/etc/openim/open-im-server-main/_output/bin/platforms/linux/amd64/openim-msgtransfer service.
[32m[success 0822 16:45:29] [0m==>  All specified services were stopped.
+++ [0822 16:45:29] OpenIM Prometheus ports: openim::util::list-to-string 21400, 21401, 21402, 21403
+++ [0822 16:45:29] OpenIM Msggateway config path: /usr/local/etc/openim/open-im-server-main/config/
openim maggateway num: 4
prometheus port: openim::util::list-to-string
prometheus port: 21400,
prometheus port: 21401,
prometheus port: 21402,
Checking processes: /usr/local/etc/openim/open-im-server-main/_output/bin/platforms/linux/amd64/openim-msgtransfer
2025/08/22 16:45:29 maxprocs: Leaving GOMAXPROCS=4: CPU quota undefined
configFolderPath: /usr/local/etc/openim/open-im-server-main/config/
use config /usr/local/etc/openim/open-im-server-main/config/config.yaml
use config /usr/local/etc/openim/open-im-server-main/config/notification.yaml
PortFromConfig: prometheus_port
GetPortFromConfig: prometheus_port
2025/08/22 16:45:29 maxprocs: Leaving GOMAXPROCS=4: CPU quota undefined
configFolderPath: /usr/local/etc/openim/open-im-server-main/config/
use config /usr/local/etc/openim/open-im-server-main/config/config.yaml
use config /usr/local/etc/openim/open-im-server-main/config/notification.yaml
PortFromConfig: prometheus_port
GetPortFromConfig: prometheus_port
2025/08/22 16:45:29 maxprocs: Leaving GOMAXPROCS=4: CPU quota undefined
configFolderPath: /usr/local/etc/openim/open-im-server-main/config/
use config /usr/local/etc/openim/open-im-server-main/config/config.yaml
panic: runtime error: index out of range [2] with length 1

goroutine 1 [running]:
github.com/openimsdk/open-im-server/v3/pkg/common/cmd.(*MsgTransferCmd).GetPortFromConfig(0x16a28a0?, {0x1451cc8, 0xf})
	/usr/local/etc/openim/open-im-server-main/pkg/common/cmd/msg_transfer.go:55 +0x118
github.com/openimsdk/open-im-server/v3/pkg/common/cmd.(*RootCmd).PortFromConfig(0xc0000c4c00, {0x1451cc8, 0xf})
	/usr/local/etc/openim/open-im-server-main/pkg/common/cmd/root.go:185 +0xad
github.com/openimsdk/open-im-server/v3/pkg/common/cmd.(*RootCmd).getPrometheusPortFlag(0x0?, 0x0?)
	/usr/local/etc/openim/open-im-server-main/pkg/common/cmd/root.go:156 +0x51
github.com/openimsdk/open-im-server/v3/pkg/common/cmd.(*MsgTransferCmd).addRunE.func1(0xc0000c4c00?, {0x143db7c?, 0x4?, 0x4?})
	/usr/local/etc/openim/open-im-server-main/pkg/common/cmd/msg_transfer.go:40 +0x26
github.com/spf13/cobra.(*Command).execute(0xc0000c4c00, {0xc0000cc010, 0x4, 0x4})
	/root/go/pkg/mod/github.com/spf13/cobra@v1.7.0/command.go:940 +0x862
github.com/spf13/cobra.(*Command).ExecuteC(0xc0000c4c00)
	/root/go/pkg/mod/github.com/spf13/cobra@v1.7.0/command.go:1068 +0x3bd
github.com/spf13/cobra.(*Command).Execute(...)
	/root/go/pkg/mod/github.com/spf13/cobra@v1.7.0/command.go:992
github.com/openimsdk/open-im-server/v3/pkg/common/cmd.(*RootCmd).Execute(...)
	/usr/local/etc/openim/open-im-server-main/pkg/common/cmd/root.go:172
github.com/openimsdk/open-im-server/v3/pkg/common/cmd.(*MsgTransferCmd).Exec(0xc000012028)
	/usr/local/etc/openim/open-im-server-main/pkg/common/cmd/msg_transfer.go:46 +0x2d
main.main()
	/usr/local/etc/openim/open-im-server-main/cmd/openim-msgtransfer/main.go:25 +0xbb
2025/08/22 16:45:29 maxprocs: Leaving GOMAXPROCS=4: CPU quota undefined
configFolderPath: /usr/local/etc/openim/open-im-server-main/config/
use config /usr/local/etc/openim/open-im-server-main/config/notification.yaml
PortFromConfig: prometheus_port
GetPortFromConfig: prometheus_port
use config /usr/local/etc/openim/open-im-server-main/config/config.yaml
use config /usr/local/etc/openim/open-im-server-main/config/notification.yaml
PortFromConfig: prometheus_port
GetPortFromConfig: prometheus_port
panic: runtime error: index out of range [3] with length 1

goroutine 1 [running]:
github.com/openimsdk/open-im-server/v3/pkg/common/cmd.(*MsgTransferCmd).GetPortFromConfig(0x16a28a0?, {0x1451cc8, 0xf})
	/usr/local/etc/openim/open-im-server-main/pkg/common/cmd/msg_transfer.go:55 +0x118
github.com/openimsdk/open-im-server/v3/pkg/common/cmd.(*RootCmd).PortFromConfig(0xc000506f00, {0x1451cc8, 0xf})
	/usr/local/etc/openim/open-im-server-main/pkg/common/cmd/root.go:185 +0xad
github.com/openimsdk/open-im-server/v3/pkg/common/cmd.(*RootCmd).getPrometheusPortFlag(0x0?, 0x0?)
	/usr/local/etc/openim/open-im-server-main/pkg/common/cmd/root.go:156 +0x51
github.com/openimsdk/open-im-server/v3/pkg/common/cmd.(*MsgTransferCmd).addRunE.func1(0xc000506f00?, {0x143db7c?, 0x4?, 0x4?})
	/usr/local/etc/openim/open-im-server-main/pkg/common/cmd/msg_transfer.go:40 +0x26
github.com/spf13/cobra.(*Command).execute(0xc000506f00, {0xc0000cc010, 0x4, 0x4})
	/root/go/pkg/mod/github.com/spf13/cobra@v1.7.0/command.go:940 +0x862
github.com/spf13/cobra.(*Command).ExecuteC(0xc000506f00)
	/root/go/pkg/mod/github.com/spf13/cobra@v1.7.0/command.go:1068 +0x3bd
github.com/spf13/cobra.(*Command).Execute(...)
	/root/go/pkg/mod/github.com/spf13/cobra@v1.7.0/command.go:992
github.com/openimsdk/open-im-server/v3/pkg/common/cmd.(*RootCmd).Execute(...)
	/usr/local/etc/openim/open-im-server-main/pkg/common/cmd/root.go:172
github.com/openimsdk/open-im-server/v3/pkg/common/cmd.(*MsgTransferCmd).Exec(0xc00049c2b8)
	/usr/local/etc/openim/open-im-server-main/pkg/common/cmd/msg_transfer.go:46 +0x2d
main.main()
	/usr/local/etc/openim/open-im-server-main/cmd/openim-msgtransfer/main.go:25 +0xbb
panic: runtime error: index out of range [1] with length 1

goroutine 1 [running]:
github.com/openimsdk/open-im-server/v3/pkg/common/cmd.(*MsgTransferCmd).GetPortFromConfig(0x16a28a0?, {0x1451cc8, 0xf})
	/usr/local/etc/openim/open-im-server-main/pkg/common/cmd/msg_transfer.go:55 +0x118
github.com/openimsdk/open-im-server/v3/pkg/common/cmd.(*RootCmd).PortFromConfig(0xc00011b800, {0x1451cc8, 0xf})
	/usr/local/etc/openim/open-im-server-main/pkg/common/cmd/root.go:185 +0xad
github.com/openimsdk/open-im-server/v3/pkg/common/cmd.(*RootCmd).getPrometheusPortFlag(0x0?, 0x0?)
	/usr/local/etc/openim/open-im-server-main/pkg/common/cmd/root.go:156 +0x51
github.com/openimsdk/open-im-server/v3/pkg/common/cmd.(*MsgTransferCmd).addRunE.func1(0xc00011b800?, {0x143db7c?, 0x4?, 0x4?})
	/usr/local/etc/openim/open-im-server-main/pkg/common/cmd/msg_transfer.go:40 +0x26
github.com/spf13/cobra.(*Command).execute(0xc00011b800, {0xc000100060, 0x4, 0x4})
	/root/go/pkg/mod/github.com/spf13/cobra@v1.7.0/command.go:940 +0x862
github.com/spf13/cobra.(*Command).ExecuteC(0xc00011b800)
	/root/go/pkg/mod/github.com/spf13/cobra@v1.7.0/command.go:1068 +0x3bd
github.com/spf13/cobra.(*Command).Execute(...)
	/root/go/pkg/mod/github.com/spf13/cobra@v1.7.0/command.go:992
github.com/openimsdk/open-im-server/v3/pkg/common/cmd.(*RootCmd).Execute(...)
	/usr/local/etc/openim/open-im-server-main/pkg/common/cmd/root.go:172
github.com/openimsdk/open-im-server/v3/pkg/common/cmd.(*MsgTransferCmd).Exec(0xc000012320)
	/usr/local/etc/openim/open-im-server-main/pkg/common/cmd/msg_transfer.go:46 +0x2d
main.main()
	/usr/local/etc/openim/open-im-server-main/cmd/openim-msgtransfer/main.go:25 +0xbb
start msg transfer prometheusPort: 20002
msg transfer not start mysql consumer
Started processes:
Process /usr/local/etc/openim/open-im-server-main/_output/bin/platforms/linux/amd64/openim-msgtransfer - Command: /usr/local/etc/openim/open-im-server-main/_output/bin/platforms/linux/amd64/openim-msgtransfer -c /usr/local/etc/openim/open-im-server-main/config/ -n 0, PID: 141929, Port: N/A, Start time: Fri Aug 22 16:45:28 2025
Process /usr/local/etc/openim/open-im-server-main/_output/bin/platforms/linux/amd64/openim-msgtransfer - Command: , PID: 141932, Port: N/A, Start time: 
Process /usr/local/etc/openim/open-im-server-main/_output/bin/platforms/linux/amd64/openim-msgtransfer - Command: , PID: 141939, Port: N/A, Start time: 
Process /usr/local/etc/openim/open-im-server-main/_output/bin/platforms/linux/amd64/openim-msgtransfer - Command: , PID: 141946, Port: N/A, Start time: 
[32m[success 0822 16:45:30] [0m==>  All processes are running.
openim-msgtransfer.sh executed successfully.
+++ [0822 16:45:30] Starting script: openim-msggateway.sh
Start OpenIM Msggateway, binary root: openim-msggateway
+++ [0822 16:45:30] Start OpenIM Msggateway, path: /usr/local/etc/openim/open-im-server-main/_output/bin/platforms/linux/amd64/openim-msggateway
Stopping services with names: /usr/local/etc/openim/open-im-server-main/_output/bin/platforms/linux/amd64/openim-msggateway
Services that couldn't be stopped:
+++ [0822 16:45:30] Failed to stop the /usr/local/etc/openim/open-im-server-main/_output/bin/platforms/linux/amd64/openim-msggateway service.
[32m[success 0822 16:45:30] [0m==>  All specified services were stopped.
Stopping services on ports: 10140
[32m[success 0822 16:45:30] [0m==>  All specified services were stopped.
+++ [0822 16:45:30] OpenIM Mssage Getway ports: 10140
+++ [0822 16:45:30] OpenIM WS ports: 10001
+++ [0822 16:45:30] OpenIM Prometheus ports: 20140
+++ [0822 16:45:30] OpenIM Msggateway config path: /usr/local/etc/openim/open-im-server-main/config/
start push process, port: 10140, prometheus port: 20140
Checking processes: openim-msggateway
2025/08/22 16:45:30 maxprocs: Leaving GOMAXPROCS=4: CPU quota undefined
configFolderPath: /usr/local/etc/openim/open-im-server-main/config/
use config /usr/local/etc/openim/open-im-server-main/config/config.yaml
use config /usr/local/etc/openim/open-im-server-main/config/notification.yaml
start rpc/msg_gateway server, port:  10140 10001 20140 , OpenIM version:  v3.3.0
start MessageGateway server, port: 10140, prometheusPort: 20140, OpenIM version: v3.3.0
Started processes:
Process openim-msggateway - Command: bash /usr/local/etc/openim/open-im-server-main/scripts/install/openim-msggateway.sh openim::msggateway::start, PID: 142055, Port: N/A, Start time: Fri Aug 22 16:45:29 2025
Process openim-msggateway - Command: /usr/local/etc/openim/open-im-server-main/_output/bin/platforms/linux/amd64/openim-msggateway --port 10140 --ws_port 10001 --prometheus_port 20140 -c /usr/local/etc/openim/open-im-server-main/config/, PID: 142570, Port: 20140
10140
10001, Start time: Fri Aug 22 16:45:29 2025
Process openim-msggateway - Command: , PID: 142573, Port: N/A, Start time: 
[32m[success 0822 16:45:30] [0m==>  All processes are running.
openim-msggateway.sh executed successfully.
+++ [0822 16:45:30] Starting script: openim-crontask.sh
Start OpenIM Cron, binary root: openim-crontask
+++ [0822 16:45:31] Start OpenIM Cron, path: /usr/local/etc/openim/open-im-server-main/_output/bin/platforms/linux/amd64/openim-crontask
Stopping services with names: /usr/local/etc/openim/open-im-server-main/_output/bin/platforms/linux/amd64/openim-crontask
Services that couldn't be stopped:
+++ [0822 16:45:31] Failed to stop the /usr/local/etc/openim/open-im-server-main/_output/bin/platforms/linux/amd64/openim-crontask service.
[32m[success 0822 16:45:31] [0m==>  All specified services were stopped.
+++ [0822 16:45:31] start cron_task process, path: /usr/local/etc/openim/open-im-server-main/_output/bin/platforms/linux/amd64/openim-crontask
Checking processes: openim-crontask
2025/08/22 16:45:31 maxprocs: Leaving GOMAXPROCS=4: CPU quota undefined
configFolderPath: /usr/local/etc/openim/open-im-server-main/config/
use config /usr/local/etc/openim/open-im-server-main/config/config.yaml
use config /usr/local/etc/openim/open-im-server-main/config/notification.yaml
cron task start, config 0 2 * * 3
Started processes:
Process openim-crontask - Command: /usr/local/etc/openim/open-im-server/_output/bin/platforms/linux/amd64/openim-crontask -c /usr/local/etc/openim/open-im-server/config/, PID: 91811, Port: N/A, Start time: Fri Aug 22 16:09:40 2025
Process openim-crontask - Command: bash /usr/local/etc/openim/open-im-server-main/scripts/install/openim-crontask.sh openim::crontask::start, PID: 142643, Port: N/A, Start time: Fri Aug 22 16:45:30 2025
Process openim-crontask - Command: /usr/local/etc/openim/open-im-server-main/_output/bin/platforms/linux/amd64/openim-crontask -c /usr/local/etc/openim/open-im-server-main/config/, PID: 143098, Port: N/A, Start time: Fri Aug 22 16:45:30 2025
Process openim-crontask - Command: , PID: 143101, Port: N/A, Start time: 
[32m[success 0822 16:45:31] [0m==>  All processes are running.
openim-crontask.sh executed successfully.
+++ [0822 16:45:31] Starting script: openim-tools.sh
Starting OpenIM Tools...
Starting imctl...
openim-tools.sh executed successfully.

## Post Starting OpenIM services
Post-start actions for OpenIM Tools...
Starting infra...
Starting PATH: /usr/local/etc/openim/open-im-server-main/_output/bin/tools/linux/amd64/infra...
Starting infra...
Starting versionchecker...
Starting PATH: /usr/local/etc/openim/open-im-server-main/_output/bin/tools/linux/amd64/versionchecker...
Starting versionchecker...
[32m[success 0822 16:45:34] [0m==>  ✨  All OpenIM services have been successfully started!
panic: kafka: client has run out of available brokers to talk to: dial tcp 172.28.0.1:19094: connect: connection refused

goroutine 69 [running]:
github.com/openimsdk/open-im-server/v3/pkg/common/kafka.(*MConsumerGroup).RegisterHandleAndConsumer(0xc000245dc0, {0x177eb70, 0xc0000c8648})
	/usr/local/etc/openim/open-im-server-main/pkg/common/kafka/consumer_group.go:72 +0x145
created by github.com/openimsdk/open-im-server/v3/internal/push.(*Consumer).Start
	/usr/local/etc/openim/open-im-server-main/internal/push/consumer_init.go:31 +0x8f
panic: kafka: client has run out of available brokers to talk to: dial tcp 172.28.0.1:19094: connect: connection refused

goroutine 241 [running]:
github.com/openimsdk/open-im-server/v3/pkg/common/kafka.(*MConsumerGroup).RegisterHandleAndConsumer(0xc000279080, {0x16a8d60, 0xc000105c00})
	/usr/local/etc/openim/open-im-server-main/pkg/common/kafka/consumer_group.go:72 +0x145
created by github.com/openimsdk/open-im-server/v3/internal/msgtransfer.(*MsgTransfer).Start
	/usr/local/etc/openim/open-im-server-main/internal/msgtransfer/init.go:104 +0x1ea

# Begin to start all openim service scripts

## Pre Starting OpenIM services
Preparing to start OpenIM Tools...
Starting ncpu...
Starting PATH: /usr/local/etc/openim/open-im-server-main/_output/bin/tools/linux/amd64/ncpu...
Starting ncpu...
Starting component...
Starting PATH: /usr/local/etc/openim/open-im-server-main/_output/bin/tools/linux/amd64/component...
Starting component...
Starting up35...
Starting PATH: /usr/local/etc/openim/open-im-server-main/_output/bin/tools/linux/amd64/up35...
Starting up35...

## Starting OpenIM services
+++ [0822 16:46:43] Starting script: openim-api.sh
Starting openim-api ...
Stopping services on ports: 10002
Stopped services on ports:
Successfully stopped service on port 10002.
[32m[success 0822 16:46:44] [0m==>  All specified services were stopped.
OpenIM openim-api config path: /usr/local/etc/openim/open-im-server-main/config/
Starting openim-api service, port: 10002, binary root: /usr/local/etc/openim/open-im-server-main/_output/bin/platforms/linux/amd64/openim-api
nohup: ignoring input
2025/08/22 16:46:44 maxprocs: Leaving GOMAXPROCS=4: CPU quota undefined
configFolderPath: /usr/local/etc/openim/open-im-server-main/config/
use config /usr/local/etc/openim/open-im-server-main/config/config.yaml
use config /usr/local/etc/openim/open-im-server-main/config/notification.yaml
PortFromConfig: prometheus_port
GetPortFromConfig: prometheus_port
Checking ports: 10002

### Started ports:
Port 10002 - Command: openim-api, PID: 151131, FD: 9, Started: Fri Aug 22 16:46:43 2025
[32m[success 0822 16:46:46] [0m==>  All specified processes are running.
openim-api.sh executed successfully.
+++ [0822 16:46:46] Starting script: openim-rpc.sh
Starting openim-rpc ...
Stopping services on ports: 10110
Stopped services on ports:
Successfully stopped service on port 10110.
[32m[success 0822 16:46:47] [0m==>  All specified services were stopped.
OpenIM openim-rpc-user config path: /usr/local/etc/openim/open-im-server-main/config
Starting openim-rpc-user service, port: 10110, prometheus port: 20110, binary root: /usr/local/etc/openim/open-im-server-main/_output/bin/platforms/linux/amd64/openim-rpc-user
nohup: ignoring input
Stopping services on ports: 10120
2025/08/22 16:46:47 maxprocs: Leaving GOMAXPROCS=4: CPU quota undefined
configFolderPath: /usr/local/etc/openim/open-im-server-main/config
use config /usr/local/etc/openim/open-im-server-main/config/config.yaml
use config /usr/local/etc/openim/open-im-server-main/config/notification.yaml
start User server, port: 10110, prometheusPort: 20110, OpenIM version: v3.3.0
Stopped services on ports:
Successfully stopped service on port 10120.
[32m[success 0822 16:46:47] [0m==>  All specified services were stopped.
OpenIM openim-rpc-friend config path: /usr/local/etc/openim/open-im-server-main/config
Starting openim-rpc-friend service, port: 10120, prometheus port: 20120, binary root: /usr/local/etc/openim/open-im-server-main/_output/bin/platforms/linux/amd64/openim-rpc-friend
nohup: ignoring input
Stopping services on ports: 10130
2025/08/22 16:46:47 maxprocs: Leaving GOMAXPROCS=4: CPU quota undefined
configFolderPath: /usr/local/etc/openim/open-im-server-main/config
use config /usr/local/etc/openim/open-im-server-main/config/config.yaml
use config /usr/local/etc/openim/open-im-server-main/config/notification.yaml
start Friend server, port: 10120, prometheusPort: 20120, OpenIM version: v3.3.0
2025/08/22 16:46:47 Unable to start a http server.
Stopped services on ports:
Successfully stopped service on port 10130.
[32m[success 0822 16:46:47] [0m==>  All specified services were stopped.
OpenIM openim-rpc-msg config path: /usr/local/etc/openim/open-im-server-main/config
Starting openim-rpc-msg service, port: 10130, prometheus port: 20130, binary root: /usr/local/etc/openim/open-im-server-main/_output/bin/platforms/linux/amd64/openim-rpc-msg
Stopping services on ports: 10150
nohup: ignoring input
2025/08/22 16:46:47 maxprocs: Leaving GOMAXPROCS=4: CPU quota undefined
configFolderPath: /usr/local/etc/openim/open-im-server-main/config
use config /usr/local/etc/openim/open-im-server-main/config/config.yaml
use config /usr/local/etc/openim/open-im-server-main/config/notification.yaml
start Msg server, port: 10130, prometheusPort: 20130, OpenIM version: v3.3.0
2025/08/22 16:46:47 Unable to start a http server.
Stopped services on ports:
Successfully stopped service on port 10150.
[32m[success 0822 16:46:47] [0m==>  All specified services were stopped.
OpenIM openim-rpc-group config path: /usr/local/etc/openim/open-im-server-main/config
Starting openim-rpc-group service, port: 10150, prometheus port: 20150, binary root: /usr/local/etc/openim/open-im-server-main/_output/bin/platforms/linux/amd64/openim-rpc-group
nohup: ignoring input
Stopping services on ports: 10160
2025/08/22 16:46:47 maxprocs: Leaving GOMAXPROCS=4: CPU quota undefined
configFolderPath: /usr/local/etc/openim/open-im-server-main/config
use config /usr/local/etc/openim/open-im-server-main/config/config.yaml
use config /usr/local/etc/openim/open-im-server-main/config/notification.yaml
start Group server, port: 10150, prometheusPort: 20150, OpenIM version: v3.3.0
2025/08/22 16:46:47 Unable to start a http server.
Stopped services on ports:
Successfully stopped service on port 10160.
[32m[success 0822 16:46:47] [0m==>  All specified services were stopped.
OpenIM openim-rpc-auth config path: /usr/local/etc/openim/open-im-server-main/config
Starting openim-rpc-auth service, port: 10160, prometheus port: 20160, binary root: /usr/local/etc/openim/open-im-server-main/_output/bin/platforms/linux/amd64/openim-rpc-auth
nohup: ignoring input
Stopping services on ports: 10180
2025/08/22 16:46:47 Unable to start a http server.
2025/08/22 16:46:47 maxprocs: Leaving GOMAXPROCS=4: CPU quota undefined
configFolderPath: /usr/local/etc/openim/open-im-server-main/config
use config /usr/local/etc/openim/open-im-server-main/config/config.yaml
use config /usr/local/etc/openim/open-im-server-main/config/notification.yaml
start Auth server, port: 10160, prometheusPort: 20160, OpenIM version: v3.3.0
Stopped services on ports:
Successfully stopped service on port 10180.
[32m[success 0822 16:46:47] [0m==>  All specified services were stopped.
OpenIM openim-rpc-conversation config path: /usr/local/etc/openim/open-im-server-main/config
Starting openim-rpc-conversation service, port: 10180, prometheus port: 20230, binary root: /usr/local/etc/openim/open-im-server-main/_output/bin/platforms/linux/amd64/openim-rpc-conversation
nohup: ignoring input
Stopping services on ports: 10190
2025/08/22 16:46:47 Unable to start a http server.
2025/08/22 16:46:47 maxprocs: Leaving GOMAXPROCS=4: CPU quota undefined
configFolderPath: /usr/local/etc/openim/open-im-server-main/config
use config /usr/local/etc/openim/open-im-server-main/config/config.yaml
use config /usr/local/etc/openim/open-im-server-main/config/notification.yaml
start Conversation server, port: 10180, prometheusPort: 20230, OpenIM version: v3.3.0
Stopped services on ports:
Successfully stopped service on port 10190.
[32m[success 0822 16:46:47] [0m==>  All specified services were stopped.
OpenIM openim-rpc-third config path: /usr/local/etc/openim/open-im-server-main/config
Starting openim-rpc-third service, port: 10190, prometheus port: 21301, binary root: /usr/local/etc/openim/open-im-server-main/_output/bin/platforms/linux/amd64/openim-rpc-third
nohup: ignoring input
Stopping services on ports: 10200
2025/08/22 16:46:47 maxprocs: Leaving GOMAXPROCS=4: CPU quota undefined
configFolderPath: /usr/local/etc/openim/open-im-server-main/config
use config /usr/local/etc/openim/open-im-server-main/config/config.yaml
use config /usr/local/etc/openim/open-im-server-main/config/notification.yaml
start Third server, port: 10190, prometheusPort: 21301, OpenIM version: v3.3.0
2025/08/22 16:46:47 Unable to start a http server.
Stopped services on ports:
Successfully stopped service on port 10200.
[32m[success 0822 16:46:47] [0m==>  All specified services were stopped.
OpenIM openim-rpc-encryption config path: /usr/local/etc/openim/open-im-server-main/config
Starting openim-rpc-encryption service, port: 10200, prometheus port: 21302, binary root: /usr/local/etc/openim/open-im-server-main/_output/bin/platforms/linux/amd64/openim-rpc-encryption
nohup: ignoring input
2025/08/22 16:46:47 maxprocs: Leaving GOMAXPROCS=4: CPU quota undefined
configFolderPath: /usr/local/etc/openim/open-im-server-main/config
use config /usr/local/etc/openim/open-im-server-main/config/config.yaml
use config /usr/local/etc/openim/open-im-server-main/config/notification.yaml
start Encryption server, port: 10200, prometheusPort: 21302, OpenIM version: v3.3.0
2025/08/22 16:46:47 Unable to start a http server.
2025/08/22 16:46:47 Unable to start a http server.
Checking ports: 10110 10120 10130 10150 10160 10180 10190 10200

### Not started ports:
!!! [0822 16:46:48] Port 10110 is not started.
!!! [0822 16:46:48] Port 10120 is not started.
!!! [0822 16:46:48] Port 10130 is not started.
!!! [0822 16:46:48] Port 10150 is not started.
!!! [0822 16:46:48] Port 10160 is not started.
!!! [0822 16:46:48] Port 10180 is not started.
!!! [0822 16:46:48] Port 10190 is not started.
!!! [0822 16:46:48] Port 10200 is not started.
!!! [0822 16:46:48] Call tree:
!!! [0822 16:46:48]  1: /usr/local/etc/openim/open-im-server-main/scripts/install/openim-rpc.sh:245 openim::rpc::start(...)
[31m!!! Error in /usr/local/etc/openim/open-im-server-main/scripts/install/openim-rpc.sh:147 [0m
  Error in /usr/local/etc/openim/open-im-server-main/scripts/install/openim-rpc.sh:147. 'return 1' exited with status 1
Call stack:
  1: /usr/local/etc/openim/open-im-server-main/scripts/install/openim-rpc.sh:147 openim::rpc::start(...)
  2: /usr/local/etc/openim/open-im-server-main/scripts/install/openim-rpc.sh:245 main(...)
Exiting with status 1
!!! [0822 16:46:49] Call tree:
!!! [0822 16:46:49]  1: ./scripts/start-all.sh:78 execute_scripts(...)
[31m!!! Error in ./scripts/start-all.sh:55 [0m
  Error in ./scripts/start-all.sh:55. '"$script_path" "$arg"' exited with status 1
Call stack:
  1: ./scripts/start-all.sh:55 execute_scripts(...)
  2: ./scripts/start-all.sh:78 main(...)
Exiting with status 1
panic: ==> github.com/openimsdk/open-im-server/v3/pkg/common/startrpc.Start()@149: : timeout exit

goroutine 1 [running]:
main.main()
	/usr/local/etc/openim/open-im-server-main/cmd/openim-rpc/openim-rpc-user/main.go:31 +0x114
panic: ==> github.com/openimsdk/open-im-server/v3/pkg/common/startrpc.Start()@149: : timeout exit

goroutine 1 [running]:
main.main()
	/usr/local/etc/openim/open-im-server-main/cmd/openim-rpc/openim-rpc-friend/main.go:31 +0x114
panic: ==> github.com/openimsdk/open-im-server/v3/pkg/common/startrpc.Start()@149: : timeout exit

goroutine 1 [running]:
main.main()
	/usr/local/etc/openim/open-im-server-main/cmd/openim-rpc/openim-rpc-msg/main.go:31 +0x114
panic: ==> github.com/openimsdk/open-im-server/v3/pkg/common/startrpc.Start()@149: : timeout exit

goroutine 1 [running]:
main.main()
	/usr/local/etc/openim/open-im-server-main/cmd/openim-rpc/openim-rpc-group/main.go:31 +0x114
panic: ==> github.com/openimsdk/open-im-server/v3/pkg/common/startrpc.Start()@149: : timeout exit

goroutine 1 [running]:
main.main()
	/usr/local/etc/openim/open-im-server-main/cmd/openim-rpc/openim-rpc-auth/main.go:31 +0x114
panic: ==> github.com/openimsdk/open-im-server/v3/pkg/common/startrpc.Start()@149: : timeout exit

goroutine 1 [running]:
main.main()
	/usr/local/etc/openim/open-im-server-main/cmd/openim-rpc/openim-rpc-conversation/main.go:31 +0x114
panic: ==> github.com/openimsdk/open-im-server/v3/pkg/common/startrpc.Start()@149: : timeout exit

goroutine 1 [running]:
main.main()
	/usr/local/etc/openim/open-im-server-main/cmd/openim-rpc/openim-rpc-third/main.go:31 +0x114
panic: ==> github.com/openimsdk/open-im-server/v3/pkg/common/startrpc.Start()@149: : timeout exit

goroutine 1 [running]:
main.main()
	/usr/local/etc/openim/open-im-server-main/cmd/openim-rpc/openim-rpc-encryption/main.go:31 +0x114

# Begin to start all openim service scripts

## Pre Starting OpenIM services
Preparing to start OpenIM Tools...
Starting ncpu...
Starting PATH: /usr/local/etc/openim/open-im-server-main/_output/bin/tools/linux/amd64/ncpu...
Starting ncpu...
Starting component...
Starting PATH: /usr/local/etc/openim/open-im-server-main/_output/bin/tools/linux/amd64/component...
Starting component...
Starting up35...
Starting PATH: /usr/local/etc/openim/open-im-server-main/_output/bin/tools/linux/amd64/up35...
Starting up35...

## Starting OpenIM services
+++ [0822 16:50:24] Starting script: openim-api.sh
Starting openim-api ...
Stopping services on ports: 10002
Stopped services on ports:
Successfully stopped service on port 10002.
[32m[success 0822 16:50:25] [0m==>  All specified services were stopped.
OpenIM openim-api config path: /usr/local/etc/openim/open-im-server-main/config/
Starting openim-api service, port: 10002, binary root: /usr/local/etc/openim/open-im-server-main/_output/bin/platforms/linux/amd64/openim-api
nohup: ignoring input
2025/08/22 16:50:25 maxprocs: Leaving GOMAXPROCS=4: CPU quota undefined
configFolderPath: /usr/local/etc/openim/open-im-server-main/config/
use config /usr/local/etc/openim/open-im-server-main/config/config.yaml
use config /usr/local/etc/openim/open-im-server-main/config/notification.yaml
PortFromConfig: prometheus_port
GetPortFromConfig: prometheus_port
Checking ports: 10002

### Started ports:
Port 10002 - Command: openim-api, PID: 157976, FD: 10, Started: Fri Aug 22 16:50:24 2025
[32m[success 0822 16:50:27] [0m==>  All specified processes are running.
openim-api.sh executed successfully.
+++ [0822 16:50:27] Starting script: openim-rpc.sh
Starting openim-rpc ...
Stopping services on ports: 10110
[32m[success 0822 16:50:28] [0m==>  All specified services were stopped.
OpenIM openim-rpc-user config path: /usr/local/etc/openim/open-im-server-main/config
Starting openim-rpc-user service, port: 10110, prometheus port: 20110, binary root: /usr/local/etc/openim/open-im-server-main/_output/bin/platforms/linux/amd64/openim-rpc-user
Stopping services on ports: 10120
2025/08/22 16:50:28 maxprocs: Leaving GOMAXPROCS=4: CPU quota undefined
configFolderPath: /usr/local/etc/openim/open-im-server-main/config
use config /usr/local/etc/openim/open-im-server-main/config/config.yaml
use config /usr/local/etc/openim/open-im-server-main/config/notification.yaml
start User server, port: 10110, prometheusPort: 20110, OpenIM version: v3.3.0
[32m[success 0822 16:50:28] [0m==>  All specified services were stopped.
OpenIM openim-rpc-friend config path: /usr/local/etc/openim/open-im-server-main/config
Starting openim-rpc-friend service, port: 10120, prometheus port: 20120, binary root: /usr/local/etc/openim/open-im-server-main/_output/bin/platforms/linux/amd64/openim-rpc-friend
Stopping services on ports: 10130
2025/08/22 16:50:28 maxprocs: Leaving GOMAXPROCS=4: CPU quota undefined
configFolderPath: /usr/local/etc/openim/open-im-server-main/config
use config /usr/local/etc/openim/open-im-server-main/config/config.yaml
use config /usr/local/etc/openim/open-im-server-main/config/notification.yaml
start Friend server, port: 10120, prometheusPort: 20120, OpenIM version: v3.3.0
[32m[success 0822 16:50:28] [0m==>  All specified services were stopped.
OpenIM openim-rpc-msg config path: /usr/local/etc/openim/open-im-server-main/config
Starting openim-rpc-msg service, port: 10130, prometheus port: 20130, binary root: /usr/local/etc/openim/open-im-server-main/_output/bin/platforms/linux/amd64/openim-rpc-msg
Stopping services on ports: 10150
2025/08/22 16:50:28 maxprocs: Leaving GOMAXPROCS=4: CPU quota undefined
configFolderPath: /usr/local/etc/openim/open-im-server-main/config
use config /usr/local/etc/openim/open-im-server-main/config/config.yaml
use config /usr/local/etc/openim/open-im-server-main/config/notification.yaml
start Msg server, port: 10130, prometheusPort: 20130, OpenIM version: v3.3.0
[32m[success 0822 16:50:28] [0m==>  All specified services were stopped.
OpenIM openim-rpc-group config path: /usr/local/etc/openim/open-im-server-main/config
Starting openim-rpc-group service, port: 10150, prometheus port: 20150, binary root: /usr/local/etc/openim/open-im-server-main/_output/bin/platforms/linux/amd64/openim-rpc-group
Stopping services on ports: 10160
2025/08/22 16:50:28 maxprocs: Leaving GOMAXPROCS=4: CPU quota undefined
configFolderPath: /usr/local/etc/openim/open-im-server-main/config
use config /usr/local/etc/openim/open-im-server-main/config/config.yaml
use config /usr/local/etc/openim/open-im-server-main/config/notification.yaml
start Group server, port: 10150, prometheusPort: 20150, OpenIM version: v3.3.0
[32m[success 0822 16:50:28] [0m==>  All specified services were stopped.
OpenIM openim-rpc-auth config path: /usr/local/etc/openim/open-im-server-main/config
Starting openim-rpc-auth service, port: 10160, prometheus port: 20160, binary root: /usr/local/etc/openim/open-im-server-main/_output/bin/platforms/linux/amd64/openim-rpc-auth
Stopping services on ports: 10180
2025/08/22 16:50:28 maxprocs: Leaving GOMAXPROCS=4: CPU quota undefined
configFolderPath: /usr/local/etc/openim/open-im-server-main/config
use config /usr/local/etc/openim/open-im-server-main/config/config.yaml
use config /usr/local/etc/openim/open-im-server-main/config/notification.yaml
start Auth server, port: 10160, prometheusPort: 20160, OpenIM version: v3.3.0
[32m[success 0822 16:50:28] [0m==>  All specified services were stopped.
OpenIM openim-rpc-conversation config path: /usr/local/etc/openim/open-im-server-main/config
Starting openim-rpc-conversation service, port: 10180, prometheus port: 20230, binary root: /usr/local/etc/openim/open-im-server-main/_output/bin/platforms/linux/amd64/openim-rpc-conversation
Stopping services on ports: 10190
2025/08/22 16:50:28 maxprocs: Leaving GOMAXPROCS=4: CPU quota undefined
configFolderPath: /usr/local/etc/openim/open-im-server-main/config
use config /usr/local/etc/openim/open-im-server-main/config/config.yaml
use config /usr/local/etc/openim/open-im-server-main/config/notification.yaml
start Conversation server, port: 10180, prometheusPort: 20230, OpenIM version: v3.3.0
[32m[success 0822 16:50:28] [0m==>  All specified services were stopped.
OpenIM openim-rpc-third config path: /usr/local/etc/openim/open-im-server-main/config
Starting openim-rpc-third service, port: 10190, prometheus port: 21301, binary root: /usr/local/etc/openim/open-im-server-main/_output/bin/platforms/linux/amd64/openim-rpc-third
Stopping services on ports: 10200
2025/08/22 16:50:28 maxprocs: Leaving GOMAXPROCS=4: CPU quota undefined
configFolderPath: /usr/local/etc/openim/open-im-server-main/config
use config /usr/local/etc/openim/open-im-server-main/config/config.yaml
use config /usr/local/etc/openim/open-im-server-main/config/notification.yaml
start Third server, port: 10190, prometheusPort: 21301, OpenIM version: v3.3.0
[32m[success 0822 16:50:28] [0m==>  All specified services were stopped.
OpenIM openim-rpc-encryption config path: /usr/local/etc/openim/open-im-server-main/config
Starting openim-rpc-encryption service, port: 10200, prometheus port: 21302, binary root: /usr/local/etc/openim/open-im-server-main/_output/bin/platforms/linux/amd64/openim-rpc-encryption
2025/08/22 16:50:28 maxprocs: Leaving GOMAXPROCS=4: CPU quota undefined
configFolderPath: /usr/local/etc/openim/open-im-server-main/config
use config /usr/local/etc/openim/open-im-server-main/config/config.yaml
use config /usr/local/etc/openim/open-im-server-main/config/notification.yaml
start Encryption server, port: 10200, prometheusPort: 21302, OpenIM version: v3.3.0
Checking ports: 10110 10120 10130 10150 10160 10180 10190 10200

### Started ports:
Port 10110 - Command: openim-rpc-user, PID: 158513, FD: 3, Started: Fri Aug 22 16:50:27 2025
Port 10120 - Command: openim-rpc-frie, PID: 158546, FD: 3, Started: Fri Aug 22 16:50:27 2025
Port 10130 - Command: openim-rpc-msg, PID: 158579, FD: 3, Started: Fri Aug 22 16:50:27 2025
Port 10150 - Command: openim-rpc-grou, PID: 158612, FD: 3, Started: Fri Aug 22 16:50:27 2025
Port 10160 - Command: openim-rpc-auth, PID: 158647, FD: 3, Started: Fri Aug 22 16:50:27 2025
Port 10180 - Command: openim-rpc-conv, PID: 158680, FD: 3, Started: Fri Aug 22 16:50:27 2025
Port 10190 - Command: openim-rpc-thir, PID: 158714, FD: 3, Started: Fri Aug 22 16:50:27 2025
Port 10200 - Command: openim-rpc-encr, PID: 158743, FD: 3, Started: Fri Aug 22 16:50:27 2025
[32m[success 0822 16:50:30] [0m==>  All specified processes are running.
openim-rpc.sh executed successfully.
+++ [0822 16:50:30] Starting script: openim-push.sh
+++ [0822 16:50:30] Start OpenIM Push, binary root: openim-push
Start OpenIM Push, path: /usr/local/etc/openim/open-im-server-main/_output/bin/platforms/linux/amd64/openim-push
+++ [0822 16:50:30] prepare start push process, path: /usr/local/etc/openim/open-im-server-main/_output/bin/platforms/linux/amd64/openim-push
+++ [0822 16:50:30] prepare start push process, port: 10170, prometheus port: 20170
Stopping services with names: openim-push
Services that couldn't be stopped:
+++ [0822 16:50:30] Failed to stop the openim-push service.
[32m[success 0822 16:50:30] [0m==>  All specified services were stopped.
+++ [0822 16:50:30] push port list: 10170
+++ [0822 16:50:30] prometheus port list: 20170
start push process, port: 10170, prometheus port: 20170
Checking processes: openim-push
2025/08/22 16:50:30 maxprocs: Leaving GOMAXPROCS=4: CPU quota undefined
configFolderPath: /usr/local/etc/openim/open-im-server-main/config/
use config /usr/local/etc/openim/open-im-server-main/config/config.yaml
use config /usr/local/etc/openim/open-im-server-main/config/notification.yaml
start Push server, port: 10170, prometheusPort: 20170, OpenIM version: v3.3.0
Started processes:
Process openim-push - Command: bash /usr/local/etc/openim/open-im-server-main/scripts/install/openim-push.sh openim::push::start, PID: 158962, Port: N/A, Start time: Fri Aug 22 16:50:29 2025
Process openim-push - Command: /usr/local/etc/openim/open-im-server-main/_output/bin/platforms/linux/amd64/openim-push --port 10170 -c /usr/local/etc/openim/open-im-server-main/config/ --prometheus_port 20170, PID: 159443, Port: 20170
10170, Start time: Fri Aug 22 16:50:29 2025
Process openim-push - Command: , PID: 159446, Port: N/A, Start time: 
[32m[success 0822 16:50:30] [0m==>  All processes are running.
openim-push.sh executed successfully.
+++ [0822 16:50:30] Starting script: openim-msgtransfer.sh
Start OpenIM Msggateway, binary root: openim-msgtransfer
+++ [0822 16:50:31] Start OpenIM Msggateway, path: /usr/local/etc/openim/open-im-server-main/_output/bin/platforms/linux/amd64/openim-msgtransfer
Stopping services with names: /usr/local/etc/openim/open-im-server-main/_output/bin/platforms/linux/amd64/openim-msgtransfer
Services that couldn't be stopped:
+++ [0822 16:50:31] Failed to stop the /usr/local/etc/openim/open-im-server-main/_output/bin/platforms/linux/amd64/openim-msgtransfer service.
[32m[success 0822 16:50:31] [0m==>  All specified services were stopped.
+++ [0822 16:50:31] OpenIM Prometheus ports: openim::util::list-to-string 21400, 21401, 21402, 21403
+++ [0822 16:50:31] OpenIM Msggateway config path: /usr/local/etc/openim/open-im-server-main/config/
openim maggateway num: 4
prometheus port: openim::util::list-to-string
prometheus port: 21400,
prometheus port: 21401,
prometheus port: 21402,
Checking processes: /usr/local/etc/openim/open-im-server-main/_output/bin/platforms/linux/amd64/openim-msgtransfer
2025/08/22 16:50:31 maxprocs: Leaving GOMAXPROCS=4: CPU quota undefined
configFolderPath: /usr/local/etc/openim/open-im-server-main/config/
use config /usr/local/etc/openim/open-im-server-main/config/config.yaml
use config /usr/local/etc/openim/open-im-server-main/config/notification.yaml
PortFromConfig: prometheus_port
GetPortFromConfig: prometheus_port
2025/08/22 16:50:31 maxprocs: Leaving GOMAXPROCS=4: CPU quota undefined
configFolderPath: /usr/local/etc/openim/open-im-server-main/config/
2025/08/22 16:50:31 maxprocs: Leaving GOMAXPROCS=4: CPU quota undefined
configFolderPath: /usr/local/etc/openim/open-im-server-main/config/
use config /usr/local/etc/openim/open-im-server-main/config/config.yaml
use config /usr/local/etc/openim/open-im-server-main/config/notification.yaml
PortFromConfig: prometheus_port
GetPortFromConfig: prometheus_port
use config /usr/local/etc/openim/open-im-server-main/config/config.yaml
use config /usr/local/etc/openim/open-im-server-main/config/notification.yaml
PortFromConfig: prometheus_port
GetPortFromConfig: prometheus_port
panic: runtime error: index out of range [1] with length 1

goroutine 1 [running]:
github.com/openimsdk/open-im-server/v3/pkg/common/cmd.(*MsgTransferCmd).GetPortFromConfig(0x16a28a0?, {0x1451cc8, 0xf})
	/usr/local/etc/openim/open-im-server-main/pkg/common/cmd/msg_transfer.go:55 +0x118
github.com/openimsdk/open-im-server/v3/pkg/common/cmd.(*RootCmd).PortFromConfig(0xc0000c5b00, {0x1451cc8, 0xf})
	/usr/local/etc/openim/open-im-server-main/pkg/common/cmd/root.go:185 +0xad
github.com/openimsdk/open-im-server/v3/pkg/common/cmd.(*RootCmd).getPrometheusPortFlag(0x0?, 0x0?)
	/usr/local/etc/openim/open-im-server-main/pkg/common/cmd/root.go:156 +0x51
github.com/openimsdk/open-im-server/v3/pkg/common/cmd.(*MsgTransferCmd).addRunE.func1(0xc0000c5b00?, {0x143db7c?, 0x4?, 0x4?})
	/usr/local/etc/openim/open-im-server-main/pkg/common/cmd/msg_transfer.go:40 +0x26
github.com/spf13/cobra.(*Command).execute(0xc0000c5b00, {0xc0000cc010, 0x4, 0x4panic: }runtime error: index out of range [3] with length 1)

	
/root/go/pkg/mod/github.com/spf13/cobra@v1.7.0/command.gogoroutine :1940 [ +running0x862]:

github.com/spf13/cobra.(*Command).ExecuteCgithub.com/openimsdk/open-im-server/v3/pkg/common/cmd.(*MsgTransferCmd).GetPortFromConfig((0xc0000c5b00)
	/root/go/pkg/mod/github.com/spf13/cobra@v1.7.0/command.go:10680x16a28a0 +?0x3bd, 
{0x1451cc8github.com/spf13/cobra.(*Command).Execute, (...)
0xf	}/root/go/pkg/mod/github.com/spf13/cobra@v1.7.0/command.go)
:	992/usr/local/etc/openim/open-im-server-main/pkg/common/cmd/msg_transfer.go
:55github.com/openimsdk/open-im-server/v3/pkg/common/cmd.(*RootCmd).Execute +(...)
0x118
github.com/openimsdk/open-im-server/v3/pkg/common/cmd.(*RootCmd).PortFromConfig(0xc000477800, {0x1451cc8, 0xf})
		/usr/local/etc/openim/open-im-server-main/pkg/common/cmd/root.go/usr/local/etc/openim/open-im-server-main/pkg/common/cmd/root.go::185172 +
0xad
github.com/openimsdk/open-im-server/v3/pkg/common/cmd.(*MsgTransferCmd).Exec(github.com/openimsdk/open-im-server/v3/pkg/common/cmd.(*RootCmd).getPrometheusPortFlag(0x00xc000490048?)
, 	0x0/usr/local/etc/openim/open-im-server-main/pkg/common/cmd/msg_transfer.go?:)
46	 +/usr/local/etc/openim/open-im-server-main/pkg/common/cmd/root.go0x2d:
156 +main.main0x51(
)
	github.com/openimsdk/open-im-server/v3/pkg/common/cmd.(*MsgTransferCmd).addRunE.func1/usr/local/etc/openim/open-im-server-main/cmd/openim-msgtransfer/main.go(:250xc000477800 +?0xbb, 
{0x143db7c?, 0x4?, 0x4?})
	/usr/local/etc/openim/open-im-server-main/pkg/common/cmd/msg_transfer.go:40 +0x26
github.com/spf13/cobra.(*Command).execute(0xc000477800, {0xc0000cc010, 0x4, 0x4})
	/root/go/pkg/mod/github.com/spf13/cobra@v1.7.0/command.go:940 +0x862
github.com/spf13/cobra.(*Command).ExecuteC(0xc000477800)
	/root/go/pkg/mod/github.com/spf13/cobra@v1.7.0/command.go:1068 +0x3bd
github.com/spf13/cobra.(*Command).Execute(...)
	/root/go/pkg/mod/github.com/spf13/cobra@v1.7.0/command.go:992
github.com/openimsdk/open-im-server/v3/pkg/common/cmd.(*RootCmd).Execute(...)
	/usr/local/etc/openim/open-im-server-main/pkg/common/cmd/root.go:172
github.com/openimsdk/open-im-server/v3/pkg/common/cmd.(*MsgTransferCmd).Exec(0xc0000c6538)
	/usr/local/etc/openim/open-im-server-main/pkg/common/cmd/msg_transfer.go:46 +0x2d
main.main()
	/usr/local/etc/openim/open-im-server-main/cmd/openim-msgtransfer/main.go:25 +0xbb
2025/08/22 16:50:31 maxprocs: Leaving GOMAXPROCS=4: CPU quota undefined
configFolderPath: /usr/local/etc/openim/open-im-server-main/config/
use config /usr/local/etc/openim/open-im-server-main/config/config.yaml
use config /usr/local/etc/openim/open-im-server-main/config/notification.yaml
PortFromConfig: prometheus_port
GetPortFromConfig: prometheus_port
panic: runtime error: index out of range [2] with length 1

goroutine 1 [running]:
github.com/openimsdk/open-im-server/v3/pkg/common/cmd.(*MsgTransferCmd).GetPortFromConfig(0x16a28a0?, {0x1451cc8, 0xf})
	/usr/local/etc/openim/open-im-server-main/pkg/common/cmd/msg_transfer.go:55 +0x118
github.com/openimsdk/open-im-server/v3/pkg/common/cmd.(*RootCmd).PortFromConfig(0xc00056c300, {0x1451cc8, 0xf})
	/usr/local/etc/openim/open-im-server-main/pkg/common/cmd/root.go:185 +0xad
github.com/openimsdk/open-im-server/v3/pkg/common/cmd.(*RootCmd).getPrometheusPortFlag(0x0?, 0x0?)
	/usr/local/etc/openim/open-im-server-main/pkg/common/cmd/root.go:156 +0x51
github.com/openimsdk/open-im-server/v3/pkg/common/cmd.(*MsgTransferCmd).addRunE.func1(0xc00056c300?, {0x143db7c?, 0x4?, 0x4?})
	/usr/local/etc/openim/open-im-server-main/pkg/common/cmd/msg_transfer.go:40 +0x26
github.com/spf13/cobra.(*Command).execute(0xc00056c300, {0xc00003e0b0, 0x4, 0x4})
	/root/go/pkg/mod/github.com/spf13/cobra@v1.7.0/command.go:940 +0x862
github.com/spf13/cobra.(*Command).ExecuteC(0xc00056c300)
	/root/go/pkg/mod/github.com/spf13/cobra@v1.7.0/command.go:1068 +0x3bd
github.com/spf13/cobra.(*Command).Execute(...)
	/root/go/pkg/mod/github.com/spf13/cobra@v1.7.0/command.go:992
github.com/openimsdk/open-im-server/v3/pkg/common/cmd.(*RootCmd).Execute(...)
	/usr/local/etc/openim/open-im-server-main/pkg/common/cmd/root.go:172
github.com/openimsdk/open-im-server/v3/pkg/common/cmd.(*MsgTransferCmd).Exec(0xc000540058)
	/usr/local/etc/openim/open-im-server-main/pkg/common/cmd/msg_transfer.go:46 +0x2d
main.main()
	/usr/local/etc/openim/open-im-server-main/cmd/openim-msgtransfer/main.go:25 +0xbb
start msg transfer prometheusPort: 20002
msg transfer not start mysql consumer
Started processes:
Process /usr/local/etc/openim/open-im-server-main/_output/bin/platforms/linux/amd64/openim-msgtransfer - Command: /usr/local/etc/openim/open-im-server-main/_output/bin/platforms/linux/amd64/openim-msgtransfer -c /usr/local/etc/openim/open-im-server-main/config/ -n 0, PID: 159982, Port: N/A, Start time: Fri Aug 22 16:50:30 2025
Process /usr/local/etc/openim/open-im-server-main/_output/bin/platforms/linux/amd64/openim-msgtransfer - Command: , PID: 159995, Port: N/A, Start time: 
[32m[success 0822 16:50:31] [0m==>  All processes are running.
openim-msgtransfer.sh executed successfully.
+++ [0822 16:50:31] Starting script: openim-msggateway.sh
Start OpenIM Msggateway, binary root: openim-msggateway
+++ [0822 16:50:32] Start OpenIM Msggateway, path: /usr/local/etc/openim/open-im-server-main/_output/bin/platforms/linux/amd64/openim-msggateway
Stopping services with names: /usr/local/etc/openim/open-im-server-main/_output/bin/platforms/linux/amd64/openim-msggateway
Stopped services:
Successfully stopped the /usr/local/etc/openim/open-im-server-main/_output/bin/platforms/linux/amd64/openim-msggateway service.
[32m[success 0822 16:50:32] [0m==>  All specified services were stopped.
Stopping services on ports: 10140
[32m[success 0822 16:50:32] [0m==>  All specified services were stopped.
+++ [0822 16:50:32] OpenIM Mssage Getway ports: 10140
+++ [0822 16:50:32] OpenIM WS ports: 10001
+++ [0822 16:50:32] OpenIM Prometheus ports: 20140
+++ [0822 16:50:32] OpenIM Msggateway config path: /usr/local/etc/openim/open-im-server-main/config/
start push process, port: 10140, prometheus port: 20140
Checking processes: openim-msggateway
2025/08/22 16:50:32 maxprocs: Leaving GOMAXPROCS=4: CPU quota undefined
configFolderPath: /usr/local/etc/openim/open-im-server-main/config/
use config /usr/local/etc/openim/open-im-server-main/config/config.yaml
use config /usr/local/etc/openim/open-im-server-main/config/notification.yaml
start rpc/msg_gateway server, port:  10140 10001 20140 , OpenIM version:  v3.3.0
start MessageGateway server, port: 10140, prometheusPort: 20140, OpenIM version: v3.3.0
2025/08/22 16:50:32 Unable to start a http server.
Started processes:
Process openim-msggateway - Command: /usr/local/etc/openim/open-im-server-main/_output/bin/platforms/linux/amd64/openim-msggateway --port 10140 --ws_port 10001 --prometheus_port 20140 -c /usr/local/etc/openim/open-im-server-main/config/, PID: 142570, Port: 20140, Start time: Fri Aug 22 16:45:29 2025
Process openim-msggateway - Command: bash /usr/local/etc/openim/open-im-server-main/scripts/install/openim-msggateway.sh openim::msggateway::start, PID: 160076, Port: N/A, Start time: Fri Aug 22 16:50:30 2025
Process openim-msggateway - Command: , PID: 160567, Port: N/A, Start time: 
Process openim-msggateway - Command: , PID: 160570, Port: N/A, Start time: 
[32m[success 0822 16:50:32] [0m==>  All processes are running.
openim-msggateway.sh executed successfully.
+++ [0822 16:50:32] Starting script: openim-crontask.sh
Start OpenIM Cron, binary root: openim-crontask
+++ [0822 16:50:32] Start OpenIM Cron, path: /usr/local/etc/openim/open-im-server-main/_output/bin/platforms/linux/amd64/openim-crontask
Stopping services with names: /usr/local/etc/openim/open-im-server-main/_output/bin/platforms/linux/amd64/openim-crontask
Stopped services:
Successfully stopped the /usr/local/etc/openim/open-im-server-main/_output/bin/platforms/linux/amd64/openim-crontask service.
[32m[success 0822 16:50:33] [0m==>  All specified services were stopped.
+++ [0822 16:50:33] start cron_task process, path: /usr/local/etc/openim/open-im-server-main/_output/bin/platforms/linux/amd64/openim-crontask
Checking processes: openim-crontask
2025/08/22 16:50:33 maxprocs: Leaving GOMAXPROCS=4: CPU quota undefined
configFolderPath: /usr/local/etc/openim/open-im-server-main/config/
use config /usr/local/etc/openim/open-im-server-main/config/config.yaml
use config /usr/local/etc/openim/open-im-server-main/config/notification.yaml
cron task start, config 0 2 * * 3
Started processes:
Process openim-crontask - Command: /usr/local/etc/openim/open-im-server/_output/bin/platforms/linux/amd64/openim-crontask -c /usr/local/etc/openim/open-im-server/config/, PID: 91811, Port: N/A, Start time: Fri Aug 22 16:09:40 2025
Process openim-crontask - Command: bash /usr/local/etc/openim/open-im-server-main/scripts/install/openim-crontask.sh openim::crontask::start, PID: 160658, Port: N/A, Start time: Fri Aug 22 16:50:31 2025
Process openim-crontask - Command: /usr/local/etc/openim/open-im-server-main/_output/bin/platforms/linux/amd64/openim-crontask -c /usr/local/etc/openim/open-im-server-main/config/, PID: 161126, Port: N/A, Start time: Fri Aug 22 16:50:32 2025
Process openim-crontask - Command: , PID: 161129, Port: N/A, Start time: 
[32m[success 0822 16:50:33] [0m==>  All processes are running.
openim-crontask.sh executed successfully.
+++ [0822 16:50:33] Starting script: openim-tools.sh
Starting OpenIM Tools...
Starting imctl...
openim-tools.sh executed successfully.

## Post Starting OpenIM services
Post-start actions for OpenIM Tools...
Starting infra...
Starting PATH: /usr/local/etc/openim/open-im-server-main/_output/bin/tools/linux/amd64/infra...
Starting infra...
Starting versionchecker...
Starting PATH: /usr/local/etc/openim/open-im-server-main/_output/bin/tools/linux/amd64/versionchecker...
Starting versionchecker...
[32m[success 0822 16:50:36] [0m==>  ✨  All OpenIM services have been successfully started!
Error: ==> github.com/openimsdk/open-im-server/v3/internal/msggateway.(*WsServer).Run()@221: : timeout exit
Usage:
  Start openIM application [flags]

Flags:
  -c, --config_folder_path string   path to config file folder
  -h, --help                        help for Start
  -p, --port int                    server listen port
      --prometheus_port int         server prometheus listen port
  -w, --ws_port int                 ws server listen port

panic: ==> github.com/openimsdk/open-im-server/v3/internal/msggateway.(*WsServer).Run()@221: : timeout exit

goroutine 1 [running]:
main.main()
	/usr/local/etc/openim/open-im-server-main/cmd/openim-msggateway/main.go:28 +0xf6

# Begin to start all openim service scripts

## Pre Starting OpenIM services
Preparing to start OpenIM Tools...
Starting ncpu...
Starting PATH: /usr/local/etc/openim/open-im-server-main/_output/bin/tools/linux/amd64/ncpu...
Starting ncpu...
Starting component...
Starting PATH: /usr/local/etc/openim/open-im-server-main/_output/bin/tools/linux/amd64/component...
Starting component...
Starting up35...
Starting PATH: /usr/local/etc/openim/open-im-server-main/_output/bin/tools/linux/amd64/up35...
Starting up35...

## Starting OpenIM services
+++ [0822 17:15:59] Starting script: openim-api.sh
Starting openim-api ...
Stopping services on ports: 10002
Stopped services on ports:
Successfully stopped service on port 10002.
[32m[success 0822 17:16:00] [0m==>  All specified services were stopped.
OpenIM openim-api config path: /usr/local/etc/openim/open-im-server-main/config/
Starting openim-api service, port: 10002, binary root: /usr/local/etc/openim/open-im-server-main/_output/bin/platforms/linux/amd64/openim-api
nohup: ignoring input
2025/08/22 17:16:00 maxprocs: Leaving GOMAXPROCS=4: CPU quota undefined
configFolderPath: /usr/local/etc/openim/open-im-server-main/config/
use config /usr/local/etc/openim/open-im-server-main/config/config.yaml
use config /usr/local/etc/openim/open-im-server-main/config/notification.yaml
PortFromConfig: prometheus_port
GetPortFromConfig: prometheus_port
Checking ports: 10002

### Started ports:
Port 10002 - Command: openim-api, PID: 189880, FD: 19, Started: Fri Aug 22 17:15:59 2025
[32m[success 0822 17:16:02] [0m==>  All specified processes are running.
openim-api.sh executed successfully.
+++ [0822 17:16:02] Starting script: openim-rpc.sh
Starting openim-rpc ...
Stopping services on ports: 10110
Stopped services on ports:
Successfully stopped service on port 10110.
[32m[success 0822 17:16:02] [0m==>  All specified services were stopped.
OpenIM openim-rpc-user config path: /usr/local/etc/openim/open-im-server-main/config
Starting openim-rpc-user service, port: 10110, prometheus port: 20110, binary root: /usr/local/etc/openim/open-im-server-main/_output/bin/platforms/linux/amd64/openim-rpc-user
nohup: ignoring input
Stopping services on ports: 10120
2025/08/22 17:16:02 maxprocs: Leaving GOMAXPROCS=4: CPU quota undefined
configFolderPath: /usr/local/etc/openim/open-im-server-main/config
use config /usr/local/etc/openim/open-im-server-main/config/config.yaml
use config /usr/local/etc/openim/open-im-server-main/config/notification.yaml
start User server, port: 10110, prometheusPort: 20110, OpenIM version: v3.3.0
Stopped services on ports:
Successfully stopped service on port 10120.
[32m[success 0822 17:16:02] [0m==>  All specified services were stopped.
OpenIM openim-rpc-friend config path: /usr/local/etc/openim/open-im-server-main/config
Starting openim-rpc-friend service, port: 10120, prometheus port: 20120, binary root: /usr/local/etc/openim/open-im-server-main/_output/bin/platforms/linux/amd64/openim-rpc-friend
Stopping services on ports: 10130
nohup: ignoring input
2025/08/22 17:16:02 Unable to start a http server.
2025/08/22 17:16:02 maxprocs: Leaving GOMAXPROCS=4: CPU quota undefined
configFolderPath: /usr/local/etc/openim/open-im-server-main/config
use config /usr/local/etc/openim/open-im-server-main/config/config.yaml
use config /usr/local/etc/openim/open-im-server-main/config/notification.yaml
start Friend server, port: 10120, prometheusPort: 20120, OpenIM version: v3.3.0
Stopped services on ports:
Successfully stopped service on port 10130.
[32m[success 0822 17:16:03] [0m==>  All specified services were stopped.
OpenIM openim-rpc-msg config path: /usr/local/etc/openim/open-im-server-main/config
Starting openim-rpc-msg service, port: 10130, prometheus port: 20130, binary root: /usr/local/etc/openim/open-im-server-main/_output/bin/platforms/linux/amd64/openim-rpc-msg
nohup: ignoring input
Stopping services on ports: 10150
2025/08/22 17:16:03 maxprocs: Leaving GOMAXPROCS=4: CPU quota undefined
configFolderPath: /usr/local/etc/openim/open-im-server-main/config
use config /usr/local/etc/openim/open-im-server-main/config/config.yaml
use config /usr/local/etc/openim/open-im-server-main/config/notification.yaml
start Msg server, port: 10130, prometheusPort: 20130, OpenIM version: v3.3.0
2025/08/22 17:16:03 Unable to start a http server.
Stopped services on ports:
Successfully stopped service on port 10150.
[32m[success 0822 17:16:03] [0m==>  All specified services were stopped.
OpenIM openim-rpc-group config path: /usr/local/etc/openim/open-im-server-main/config
Starting openim-rpc-group service, port: 10150, prometheus port: 20150, binary root: /usr/local/etc/openim/open-im-server-main/_output/bin/platforms/linux/amd64/openim-rpc-group
Stopping services on ports: 10160
nohup: ignoring input
2025/08/22 17:16:03 maxprocs: Leaving GOMAXPROCS=4: CPU quota undefined
configFolderPath: /usr/local/etc/openim/open-im-server-main/config
use config /usr/local/etc/openim/open-im-server-main/config/config.yaml
use config /usr/local/etc/openim/open-im-server-main/config/notification.yaml
start Group server, port: 10150, prometheusPort: 20150, OpenIM version: v3.3.0
2025/08/22 17:16:03 Unable to start a http server.
Stopped services on ports:
Successfully stopped service on port 10160.
[32m[success 0822 17:16:03] [0m==>  All specified services were stopped.
OpenIM openim-rpc-auth config path: /usr/local/etc/openim/open-im-server-main/config
Starting openim-rpc-auth service, port: 10160, prometheus port: 20160, binary root: /usr/local/etc/openim/open-im-server-main/_output/bin/platforms/linux/amd64/openim-rpc-auth
nohup: ignoring input
Stopping services on ports: 10180
2025/08/22 17:16:03 maxprocs: Leaving GOMAXPROCS=4: CPU quota undefined
configFolderPath: /usr/local/etc/openim/open-im-server-main/config
use config /usr/local/etc/openim/open-im-server-main/config/config.yaml
use config /usr/local/etc/openim/open-im-server-main/config/notification.yaml
start Auth server, port: 10160, prometheusPort: 20160, OpenIM version: v3.3.0
2025/08/22 17:16:03 Unable to start a http server.
Stopped services on ports:
Successfully stopped service on port 10180.
[32m[success 0822 17:16:03] [0m==>  All specified services were stopped.
OpenIM openim-rpc-conversation config path: /usr/local/etc/openim/open-im-server-main/config
Starting openim-rpc-conversation service, port: 10180, prometheus port: 20230, binary root: /usr/local/etc/openim/open-im-server-main/_output/bin/platforms/linux/amd64/openim-rpc-conversation
nohup: ignoring input
Stopping services on ports: 10190
2025/08/22 17:16:03 Unable to start a http server.
2025/08/22 17:16:03 maxprocs: Leaving GOMAXPROCS=4: CPU quota undefined
configFolderPath: /usr/local/etc/openim/open-im-server-main/config
use config /usr/local/etc/openim/open-im-server-main/config/config.yaml
use config /usr/local/etc/openim/open-im-server-main/config/notification.yaml
start Conversation server, port: 10180, prometheusPort: 20230, OpenIM version: v3.3.0
Stopped services on ports:
Successfully stopped service on port 10190.
[32m[success 0822 17:16:03] [0m==>  All specified services were stopped.
OpenIM openim-rpc-third config path: /usr/local/etc/openim/open-im-server-main/config
Starting openim-rpc-third service, port: 10190, prometheus port: 21301, binary root: /usr/local/etc/openim/open-im-server-main/_output/bin/platforms/linux/amd64/openim-rpc-third
nohup: ignoring input
Stopping services on ports: 10200
2025/08/22 17:16:03 maxprocs: Leaving GOMAXPROCS=4: CPU quota undefined
configFolderPath: /usr/local/etc/openim/open-im-server-main/config
use config /usr/local/etc/openim/open-im-server-main/config/config.yaml
use config /usr/local/etc/openim/open-im-server-main/config/notification.yaml
start Third server, port: 10190, prometheusPort: 21301, OpenIM version: v3.3.0
2025/08/22 17:16:03 Unable to start a http server.
Stopped services on ports:
Successfully stopped service on port 10200.
[32m[success 0822 17:16:03] [0m==>  All specified services were stopped.
OpenIM openim-rpc-encryption config path: /usr/local/etc/openim/open-im-server-main/config
Starting openim-rpc-encryption service, port: 10200, prometheus port: 21302, binary root: /usr/local/etc/openim/open-im-server-main/_output/bin/platforms/linux/amd64/openim-rpc-encryption
nohup: ignoring input
2025/08/22 17:16:03 maxprocs: Leaving GOMAXPROCS=4: CPU quota undefined
configFolderPath: /usr/local/etc/openim/open-im-server-main/config
use config /usr/local/etc/openim/open-im-server-main/config/config.yaml
use config /usr/local/etc/openim/open-im-server-main/config/notification.yaml
start Encryption server, port: 10200, prometheusPort: 21302, OpenIM version: v3.3.0
2025/08/22 17:16:03 Unable to start a http server.
2025/08/22 17:16:03 Unable to start a http server.
Checking ports: 10110 10120 10130 10150 10160 10180 10190 10200

### Not started ports:
!!! [0822 17:16:04] Port 10110 is not started.
!!! [0822 17:16:04] Port 10120 is not started.
!!! [0822 17:16:04] Port 10130 is not started.
!!! [0822 17:16:04] Port 10150 is not started.
!!! [0822 17:16:04] Port 10160 is not started.
!!! [0822 17:16:04] Port 10180 is not started.
!!! [0822 17:16:04] Port 10190 is not started.
!!! [0822 17:16:04] Port 10200 is not started.
!!! [0822 17:16:04] Call tree:
!!! [0822 17:16:04]  1: /usr/local/etc/openim/open-im-server-main/scripts/install/openim-rpc.sh:245 openim::rpc::start(...)
[31m!!! Error in /usr/local/etc/openim/open-im-server-main/scripts/install/openim-rpc.sh:147 [0m
  Error in /usr/local/etc/openim/open-im-server-main/scripts/install/openim-rpc.sh:147. 'return 1' exited with status 1
Call stack:
  1: /usr/local/etc/openim/open-im-server-main/scripts/install/openim-rpc.sh:147 openim::rpc::start(...)
  2: /usr/local/etc/openim/open-im-server-main/scripts/install/openim-rpc.sh:245 main(...)
Exiting with status 1
!!! [0822 17:16:04] Call tree:
!!! [0822 17:16:04]  1: start-all.sh:78 execute_scripts(...)
[31m!!! Error in start-all.sh:55 [0m
  Error in start-all.sh:55. '"$script_path" "$arg"' exited with status 1
Call stack:
  1: start-all.sh:55 execute_scripts(...)
  2: start-all.sh:78 main(...)
Exiting with status 1
panic: ==> github.com/openimsdk/open-im-server/v3/pkg/common/startrpc.Start()@149: : timeout exit

goroutine 1 [running]:
main.main()
	/usr/local/etc/openim/open-im-server-main/cmd/openim-rpc/openim-rpc-user/main.go:31 +0x114
panic: ==> github.com/openimsdk/open-im-server/v3/pkg/common/startrpc.Start()@149: : timeout exit

goroutine 1 [running]:
main.main()
	/usr/local/etc/openim/open-im-server-main/cmd/openim-rpc/openim-rpc-friend/main.go:31 +0x114
panic: ==> github.com/openimsdk/open-im-server/v3/pkg/common/startrpc.Start()@149: : timeout exit

goroutine 1 [running]:
main.main()
	/usr/local/etc/openim/open-im-server-main/cmd/openim-rpc/openim-rpc-msg/main.go:31 +0x114
panic: ==> github.com/openimsdk/open-im-server/v3/pkg/common/startrpc.Start()@149: : timeout exit

goroutine 1 [running]:
main.main()
	/usr/local/etc/openim/open-im-server-main/cmd/openim-rpc/openim-rpc-group/main.go:31 +0x114
panic: ==> github.com/openimsdk/open-im-server/v3/pkg/common/startrpc.Start()@149: : timeout exit

goroutine 1 [running]:
main.main()
	/usr/local/etc/openim/open-im-server-main/cmd/openim-rpc/openim-rpc-auth/main.go:31 +0x114
panic: ==> github.com/openimsdk/open-im-server/v3/pkg/common/startrpc.Start()@149: : timeout exit

goroutine 1 [running]:
main.main()
	/usr/local/etc/openim/open-im-server-main/cmd/openim-rpc/openim-rpc-conversation/main.go:31 +0x114
panic: ==> github.com/openimsdk/open-im-server/v3/pkg/common/startrpc.Start()@149: : timeout exit

goroutine 1 [running]:
main.main()
	/usr/local/etc/openim/open-im-server-main/cmd/openim-rpc/openim-rpc-third/main.go:31 +0x114
panic: ==> github.com/openimsdk/open-im-server/v3/pkg/common/startrpc.Start()@149: : timeout exit

goroutine 1 [running]:
main.main()
	/usr/local/etc/openim/open-im-server-main/cmd/openim-rpc/openim-rpc-encryption/main.go:31 +0x114

# Begin to stop all openim service
Stopping services on ports: 10110 10120 10130 10140 10150 10160 10170 10180 10190 10002 10001
Stopped services on ports:
Successfully stopped service on port 10140.
Successfully stopped service on port 10170.
Successfully stopped service on port 10002.
[32m[success 0822 17:17:40] [0m==>  All specified services were stopped.
Stopping services with names: /usr/local/etc/openim/open-im-server-main/_output/bin/platforms/linux/amd64
Stopped services:
Successfully stopped the /usr/local/etc/openim/open-im-server-main/_output/bin/platforms/linux/amd64 service.
[32m[success 0822 17:17:40] [0m==>  All specified services were stopped.

# Begin to start all openim service scripts

## Pre Starting OpenIM services
Preparing to start OpenIM Tools...
Starting ncpu...
Starting PATH: /usr/local/etc/openim/open-im-server-main/_output/bin/tools/linux/amd64/ncpu...
Starting ncpu...
Starting component...
Starting PATH: /usr/local/etc/openim/open-im-server-main/_output/bin/tools/linux/amd64/component...
Starting component...
Starting up35...
Starting PATH: /usr/local/etc/openim/open-im-server-main/_output/bin/tools/linux/amd64/up35...
Starting up35...

## Starting OpenIM services
+++ [0822 17:17:47] Starting script: openim-api.sh
Starting openim-api ...
Stopping services on ports: 10002
[32m[success 0822 17:17:47] [0m==>  All specified services were stopped.
OpenIM openim-api config path: /usr/local/etc/openim/open-im-server-main/config/
Starting openim-api service, port: 10002, binary root: /usr/local/etc/openim/open-im-server-main/_output/bin/platforms/linux/amd64/openim-api
2025/08/22 17:17:47 maxprocs: Leaving GOMAXPROCS=4: CPU quota undefined
configFolderPath: /usr/local/etc/openim/open-im-server-main/config/
use config /usr/local/etc/openim/open-im-server-main/config/config.yaml
use config /usr/local/etc/openim/open-im-server-main/config/notification.yaml
PortFromConfig: prometheus_port
GetPortFromConfig: prometheus_port
Checking ports: 10002

### Started ports:
Port 10002 - Command: openim-api, PID: 194550, FD: 9, Started: Fri Aug 22 17:17:46 2025
[32m[success 0822 17:17:49] [0m==>  All specified processes are running.
openim-api.sh executed successfully.
+++ [0822 17:17:49] Starting script: openim-rpc.sh
Starting openim-rpc ...
Stopping services on ports: 10110
[32m[success 0822 17:17:50] [0m==>  All specified services were stopped.
OpenIM openim-rpc-user config path: /usr/local/etc/openim/open-im-server-main/config
Starting openim-rpc-user service, port: 10110, prometheus port: 20110, binary root: /usr/local/etc/openim/open-im-server-main/_output/bin/platforms/linux/amd64/openim-rpc-user
Stopping services on ports: 10120
2025/08/22 17:17:50 maxprocs: Leaving GOMAXPROCS=4: CPU quota undefined
configFolderPath: /usr/local/etc/openim/open-im-server-main/config
use config /usr/local/etc/openim/open-im-server-main/config/config.yaml
use config /usr/local/etc/openim/open-im-server-main/config/notification.yaml
start User server, port: 10110, prometheusPort: 20110, OpenIM version: v3.3.0
[32m[success 0822 17:17:50] [0m==>  All specified services were stopped.
OpenIM openim-rpc-friend config path: /usr/local/etc/openim/open-im-server-main/config
Starting openim-rpc-friend service, port: 10120, prometheus port: 20120, binary root: /usr/local/etc/openim/open-im-server-main/_output/bin/platforms/linux/amd64/openim-rpc-friend
Stopping services on ports: 10130
2025/08/22 17:17:50 maxprocs: Leaving GOMAXPROCS=4: CPU quota undefined
configFolderPath: /usr/local/etc/openim/open-im-server-main/config
use config /usr/local/etc/openim/open-im-server-main/config/config.yaml
use config /usr/local/etc/openim/open-im-server-main/config/notification.yaml
start Friend server, port: 10120, prometheusPort: 20120, OpenIM version: v3.3.0
[32m[success 0822 17:17:50] [0m==>  All specified services were stopped.
OpenIM openim-rpc-msg config path: /usr/local/etc/openim/open-im-server-main/config
Starting openim-rpc-msg service, port: 10130, prometheus port: 20130, binary root: /usr/local/etc/openim/open-im-server-main/_output/bin/platforms/linux/amd64/openim-rpc-msg
Stopping services on ports: 10150
2025/08/22 17:17:50 maxprocs: Leaving GOMAXPROCS=4: CPU quota undefined
configFolderPath: /usr/local/etc/openim/open-im-server-main/config
use config /usr/local/etc/openim/open-im-server-main/config/config.yaml
use config /usr/local/etc/openim/open-im-server-main/config/notification.yaml
start Msg server, port: 10130, prometheusPort: 20130, OpenIM version: v3.3.0
[32m[success 0822 17:17:50] [0m==>  All specified services were stopped.
OpenIM openim-rpc-group config path: /usr/local/etc/openim/open-im-server-main/config
Starting openim-rpc-group service, port: 10150, prometheus port: 20150, binary root: /usr/local/etc/openim/open-im-server-main/_output/bin/platforms/linux/amd64/openim-rpc-group
Stopping services on ports: 10160
2025/08/22 17:17:50 maxprocs: Leaving GOMAXPROCS=4: CPU quota undefined
configFolderPath: /usr/local/etc/openim/open-im-server-main/config
use config /usr/local/etc/openim/open-im-server-main/config/config.yaml
use config /usr/local/etc/openim/open-im-server-main/config/notification.yaml
start Group server, port: 10150, prometheusPort: 20150, OpenIM version: v3.3.0
[32m[success 0822 17:17:50] [0m==>  All specified services were stopped.
OpenIM openim-rpc-auth config path: /usr/local/etc/openim/open-im-server-main/config
Starting openim-rpc-auth service, port: 10160, prometheus port: 20160, binary root: /usr/local/etc/openim/open-im-server-main/_output/bin/platforms/linux/amd64/openim-rpc-auth
Stopping services on ports: 10180
2025/08/22 17:17:50 maxprocs: Leaving GOMAXPROCS=4: CPU quota undefined
configFolderPath: /usr/local/etc/openim/open-im-server-main/config
use config /usr/local/etc/openim/open-im-server-main/config/config.yaml
use config /usr/local/etc/openim/open-im-server-main/config/notification.yaml
start Auth server, port: 10160, prometheusPort: 20160, OpenIM version: v3.3.0
[32m[success 0822 17:17:50] [0m==>  All specified services were stopped.
OpenIM openim-rpc-conversation config path: /usr/local/etc/openim/open-im-server-main/config
Starting openim-rpc-conversation service, port: 10180, prometheus port: 20230, binary root: /usr/local/etc/openim/open-im-server-main/_output/bin/platforms/linux/amd64/openim-rpc-conversation
Stopping services on ports: 10190
2025/08/22 17:17:50 maxprocs: Leaving GOMAXPROCS=4: CPU quota undefined
configFolderPath: /usr/local/etc/openim/open-im-server-main/config
use config /usr/local/etc/openim/open-im-server-main/config/config.yaml
use config /usr/local/etc/openim/open-im-server-main/config/notification.yaml
start Conversation server, port: 10180, prometheusPort: 20230, OpenIM version: v3.3.0
[32m[success 0822 17:17:50] [0m==>  All specified services were stopped.
OpenIM openim-rpc-third config path: /usr/local/etc/openim/open-im-server-main/config
Starting openim-rpc-third service, port: 10190, prometheus port: 21301, binary root: /usr/local/etc/openim/open-im-server-main/_output/bin/platforms/linux/amd64/openim-rpc-third
Stopping services on ports: 10200
2025/08/22 17:17:50 maxprocs: Leaving GOMAXPROCS=4: CPU quota undefined
configFolderPath: /usr/local/etc/openim/open-im-server-main/config
use config /usr/local/etc/openim/open-im-server-main/config/config.yaml
use config /usr/local/etc/openim/open-im-server-main/config/notification.yaml
start Third server, port: 10190, prometheusPort: 21301, OpenIM version: v3.3.0
[32m[success 0822 17:17:50] [0m==>  All specified services were stopped.
OpenIM openim-rpc-encryption config path: /usr/local/etc/openim/open-im-server-main/config
Starting openim-rpc-encryption service, port: 10200, prometheus port: 21302, binary root: /usr/local/etc/openim/open-im-server-main/_output/bin/platforms/linux/amd64/openim-rpc-encryption
2025/08/22 17:17:50 maxprocs: Leaving GOMAXPROCS=4: CPU quota undefined
configFolderPath: /usr/local/etc/openim/open-im-server-main/config
use config /usr/local/etc/openim/open-im-server-main/config/config.yaml
use config /usr/local/etc/openim/open-im-server-main/config/notification.yaml
start Encryption server, port: 10200, prometheusPort: 21302, OpenIM version: v3.3.0
Checking ports: 10110 10120 10130 10150 10160 10180 10190 10200

### Started ports:
Port 10110 - Command: openim-rpc-user, PID: 195086, FD: 3, Started: Fri Aug 22 17:17:49 2025
Port 10120 - Command: openim-rpc-frie, PID: 195121, FD: 3, Started: Fri Aug 22 17:17:49 2025
Port 10130 - Command: openim-rpc-msg, PID: 195166, FD: 3, Started: Fri Aug 22 17:17:49 2025
Port 10150 - Command: openim-rpc-grou, PID: 195201, FD: 3, Started: Fri Aug 22 17:17:49 2025
Port 10160 - Command: openim-rpc-auth, PID: 195233, FD: 3, Started: Fri Aug 22 17:17:49 2025
Port 10180 - Command: openim-rpc-conv, PID: 195267, FD: 3, Started: Fri Aug 22 17:17:49 2025
Port 10190 - Command: openim-rpc-thir, PID: 195297, FD: 3, Started: Fri Aug 22 17:17:49 2025
Port 10200 - Command: openim-rpc-encr, PID: 195329, FD: 3, Started: Fri Aug 22 17:17:49 2025
[32m[success 0822 17:17:52] [0m==>  All specified processes are running.
openim-rpc.sh executed successfully.
+++ [0822 17:17:52] Starting script: openim-push.sh
+++ [0822 17:17:52] Start OpenIM Push, binary root: openim-push
Start OpenIM Push, path: /usr/local/etc/openim/open-im-server-main/_output/bin/platforms/linux/amd64/openim-push
+++ [0822 17:17:52] prepare start push process, path: /usr/local/etc/openim/open-im-server-main/_output/bin/platforms/linux/amd64/openim-push
+++ [0822 17:17:52] prepare start push process, port: 10170, prometheus port: 20170
Stopping services with names: openim-push
Stopped services:
Successfully stopped the openim-push service.
[32m[success 0822 17:17:52] [0m==>  All specified services were stopped.
+++ [0822 17:17:52] push port list: 10170
+++ [0822 17:17:52] prometheus port list: 20170
start push process, port: 10170, prometheus port: 20170
Checking processes: openim-push
2025/08/22 17:17:52 maxprocs: Leaving GOMAXPROCS=4: CPU quota undefined
configFolderPath: /usr/local/etc/openim/open-im-server-main/config/
use config /usr/local/etc/openim/open-im-server-main/config/config.yaml
use config /usr/local/etc/openim/open-im-server-main/config/notification.yaml
start Push server, port: 10170, prometheusPort: 20170, OpenIM version: v3.3.0
2025/08/22 17:17:52 Unable to start a http server.
Started processes:
Process openim-push - Command: /usr/local/etc/openim/open-im-server-main/_output/bin/platforms/linux/amd64/openim-push --port 10170 -c /usr/local/etc/openim/open-im-server-main/config/ --prometheus_port 20170, PID: 159443, Port: 20170, Start time: Fri Aug 22 16:50:29 2025
Process openim-push - Command: bash /usr/local/etc/openim/open-im-server-main/scripts/install/openim-push.sh openim::push::start, PID: 195553, Port: N/A, Start time: Fri Aug 22 17:17:51 2025
Process openim-push - Command: , PID: 196019, Port: N/A, Start time: 
Process openim-push - Command: , PID: 196022, Port: N/A, Start time: 
[32m[success 0822 17:17:53] [0m==>  All processes are running.
openim-push.sh executed successfully.
+++ [0822 17:17:53] Starting script: openim-msgtransfer.sh
Start OpenIM Msggateway, binary root: openim-msgtransfer
+++ [0822 17:17:53] Start OpenIM Msggateway, path: /usr/local/etc/openim/open-im-server-main/_output/bin/platforms/linux/amd64/openim-msgtransfer
Stopping services with names: /usr/local/etc/openim/open-im-server-main/_output/bin/platforms/linux/amd64/openim-msgtransfer
Services that couldn't be stopped:
+++ [0822 17:17:53] Failed to stop the /usr/local/etc/openim/open-im-server-main/_output/bin/platforms/linux/amd64/openim-msgtransfer service.
[32m[success 0822 17:17:53] [0m==>  All specified services were stopped.
+++ [0822 17:17:53] OpenIM Prometheus ports: openim::util::list-to-string 21400, 21401, 21402, 21403
+++ [0822 17:17:53] OpenIM Msggateway config path: /usr/local/etc/openim/open-im-server-main/config/
openim maggateway num: 4
prometheus port: openim::util::list-to-string
prometheus port: 21400,
prometheus port: 21401,
prometheus port: 21402,
Checking processes: /usr/local/etc/openim/open-im-server-main/_output/bin/platforms/linux/amd64/openim-msgtransfer
2025/08/22 17:17:53 maxprocs: Leaving GOMAXPROCS=4: CPU quota undefined
configFolderPath: /usr/local/etc/openim/open-im-server-main/config/
2025/08/22 17:17:53 maxprocs: Leaving GOMAXPROCS=4: CPU quota undefined
configFolderPath: /usr/local/etc/openim/open-im-server-main/config/
use config /usr/local/etc/openim/open-im-server-main/config/config.yaml
use config /usr/local/etc/openim/open-im-server-main/config/config.yaml
use config /usr/local/etc/openim/open-im-server-main/config/notification.yaml
PortFromConfig: prometheus_port
GetPortFromConfig: prometheus_port
panic: runtime error: index out of range [1] with length 1

goroutine 1 [running]:
github.com/openimsdk/open-im-server/v3/pkg/common/cmd.(*MsgTransferCmd).GetPortFromConfig(0x16a28a0?, {0x1451cc8, 0xf})
	/usr/local/etc/openim/open-im-server-main/pkg/common/cmd/msg_transfer.go:55 +0x118
github.com/openimsdk/open-im-server/v3/pkg/common/cmd.(*RootCmd).PortFromConfig(0xc000004900, {0x1451cc8, 0xf})
	/usr/local/etc/openim/open-im-server-main/pkg/common/cmd/root.go:185 +0xad
github.com/openimsdk/open-im-server/v3/pkg/common/cmd.(*RootCmd).getPrometheusPortFlag(0x0?, 0x0?)
	/usr/local/etc/openim/open-im-server-main/pkg/common/cmd/root.go:156 +0x51
github.com/openimsdk/open-im-server/v3/pkg/common/cmd.(*MsgTransferCmd).addRunE.func1(0xc000004900?, {0x143db7c?, 0x4?, 0x4?})
	/usr/local/etc/openim/open-im-server-main/pkg/common/cmd/msg_transfer.go:40 +0x26
github.com/spf13/cobra.(*Command).execute(0xc000004900, {0xc00003e0b0, 0x4, 0x4})
	/root/go/pkg/mod/github.com/spf13/cobra@v1.7.0/command.go:940 +0x862
github.com/spf13/cobra.(*Command).ExecuteC(0xc000004900)
	/root/go/pkg/mod/github.com/spf13/cobra@v1.7.0/command.go:1068 +0x3bd
github.com/spf13/cobra.(*Command).Execute(...)
	/root/go/pkg/mod/github.com/spf13/cobra@v1.7.0/command.go:992
github.com/openimsdk/open-im-server/v3/pkg/common/cmd.(*RootCmd).Execute(...)
	/usr/local/etc/openim/open-im-server-main/pkg/common/cmd/root.go:172
github.com/openimsdk/open-im-server/v3/pkg/common/cmd.(*MsgTransferCmd).Exec(0xc000012128)
	/usr/local/etc/openim/open-im-server-main/pkg/common/cmd/msg_transfer.go:46 +0x2d
main.main()
	/usr/local/etc/openim/open-im-server-main/cmd/openim-msgtransfer/main.go:25 +0xbb
use config /usr/local/etc/openim/open-im-server-main/config/notification.yaml
PortFromConfig: prometheus_port
GetPortFromConfig: prometheus_port
2025/08/22 17:17:53 maxprocs: Leaving GOMAXPROCS=4: CPU quota undefined
configFolderPath: /usr/local/etc/openim/open-im-server-main/config/
use config /usr/local/etc/openim/open-im-server-main/config/config.yaml
2025/08/22 17:17:53 maxprocs: Leaving GOMAXPROCS=4: CPU quota undefined
configFolderPath: /usr/local/etc/openim/open-im-server-main/config/
use config /usr/local/etc/openim/open-im-server-main/config/notification.yaml
PortFromConfig: prometheus_port
GetPortFromConfig: prometheus_port
use config /usr/local/etc/openim/open-im-server-main/config/config.yaml
use config /usr/local/etc/openim/open-im-server-main/config/notification.yaml
PortFromConfig: prometheus_port
GetPortFromConfig: prometheus_port
panic: runtime error: index out of range [2] with length 1

goroutine 1 [running]:
github.com/openimsdk/open-im-server/v3/pkg/common/cmd.(*MsgTransferCmd).GetPortFromConfig(0x16a28a0?, {0x1451cc8, 0xf})
	/usr/local/etc/openim/open-im-server-main/pkg/common/cmd/msg_transfer.go:55 +0x118
github.com/openimsdk/open-im-server/v3/pkg/common/cmd.(*RootCmd).PortFromConfig(0xc0004b9200, {0x1451cc8, 0xf})
	/usr/local/etc/openim/open-im-server-main/pkg/common/cmd/root.go:185 +0xad
github.com/openimsdk/open-im-server/v3/pkg/common/cmd.(*RootCmd).getPrometheusPortFlag(0x0?, 0x0?)
	/usr/local/etc/openim/open-im-server-main/pkg/common/cmd/root.go:156 +0x51
github.com/openimsdk/open-im-server/v3/pkg/common/cmd.(*MsgTransferCmd).addRunE.func1(0xc0004b9200?, {0x143db7c?, 0x4?, 0x4?})
	/usr/local/etc/openim/open-im-server-main/pkg/common/cmd/msg_transfer.go:40 +0x26
github.com/spf13/cobra.(*Command).execute(0xc0004b9200, {0xc00003e0b0, 0x4, 0x4})
	/root/go/pkg/mod/github.com/spf13/cobra@v1.7.0/command.go:940 +0x862
github.com/spf13/cobra.(*Command).ExecuteC(0xc0004b9200)
	/root/go/pkg/mod/github.com/spf13/cobra@v1.7.0/command.go:1068 +0x3bd
github.com/spf13/cobra.(*Command).Execute(...)
	/root/go/pkg/mod/github.com/spf13/cobra@v1.7.0/command.go:992
github.com/openimsdk/open-im-server/v3/pkg/common/cmd.(*RootCmd).Execute(...)
	/usr/local/etc/openim/open-im-server-main/pkg/common/cmd/root.go:172
github.com/openimsdk/open-im-server/v3/pkg/common/cmd.(*MsgTransferCmd).Exec(0xc000012630)
	/usr/local/etc/openim/open-im-server-main/pkg/common/cmd/msg_transfer.go:46 +0x2d
main.main()
	/usr/local/etc/openim/open-im-server-main/cmd/openim-msgtransfer/main.go:25 +0xbb
panic: runtime error: index out of range [3] with length 1

goroutine 1 [running]:
github.com/openimsdk/open-im-server/v3/pkg/common/cmd.(*MsgTransferCmd).GetPortFromConfig(0x16a28a0?, {0x1451cc8, 0xf})
	/usr/local/etc/openim/open-im-server-main/pkg/common/cmd/msg_transfer.go:55 +0x118
github.com/openimsdk/open-im-server/v3/pkg/common/cmd.(*RootCmd).PortFromConfig(0xc000131b00, {0x1451cc8, 0xf})
	/usr/local/etc/openim/open-im-server-main/pkg/common/cmd/root.go:185 +0xad
github.com/openimsdk/open-im-server/v3/pkg/common/cmd.(*RootCmd).getPrometheusPortFlag(0x0?, 0x0?)
	/usr/local/etc/openim/open-im-server-main/pkg/common/cmd/root.go:156 +0x51
github.com/openimsdk/open-im-server/v3/pkg/common/cmd.(*MsgTransferCmd).addRunE.func1(0xc000131b00?, {0x143db7c?, 0x4?, 0x4?})
	/usr/local/etc/openim/open-im-server-main/pkg/common/cmd/msg_transfer.go:40 +0x26
github.com/spf13/cobra.(*Command).execute(0xc000131b00, {0xc00003e0b0, 0x4, 0x4})
	/root/go/pkg/mod/github.com/spf13/cobra@v1.7.0/command.go:940 +0x862
github.com/spf13/cobra.(*Command).ExecuteC(0xc000131b00)
	/root/go/pkg/mod/github.com/spf13/cobra@v1.7.0/command.go:1068 +0x3bd
github.com/spf13/cobra.(*Command).Execute(...)
	/root/go/pkg/mod/github.com/spf13/cobra@v1.7.0/command.go:992
github.com/openimsdk/open-im-server/v3/pkg/common/cmd.(*RootCmd).Execute(...)
	/usr/local/etc/openim/open-im-server-main/pkg/common/cmd/root.go:172
github.com/openimsdk/open-im-server/v3/pkg/common/cmd.(*MsgTransferCmd).Exec(0xc0002fe358)
	/usr/local/etc/openim/open-im-server-main/pkg/common/cmd/msg_transfer.go:46 +0x2d
main.main()
	/usr/local/etc/openim/open-im-server-main/cmd/openim-msgtransfer/main.go:25 +0xbb
start msg transfer prometheusPort: 20002
msg transfer not start mysql consumer
Started processes:
Process /usr/local/etc/openim/open-im-server-main/_output/bin/platforms/linux/amd64/openim-msgtransfer - Command: /usr/local/etc/openim/open-im-server-main/_output/bin/platforms/linux/amd64/openim-msgtransfer -c /usr/local/etc/openim/open-im-server-main/config/ -n 0, PID: 196593, Port: N/A, Start time: Fri Aug 22 17:17:52 2025
Process /usr/local/etc/openim/open-im-server-main/_output/bin/platforms/linux/amd64/openim-msgtransfer - Command: , PID: 196610, Port: N/A, Start time: 
Process /usr/local/etc/openim/open-im-server-main/_output/bin/platforms/linux/amd64/openim-msgtransfer - Command: , PID: 196613, Port: N/A, Start time: 
[32m[success 0822 17:17:53] [0m==>  All processes are running.
openim-msgtransfer.sh executed successfully.
+++ [0822 17:17:53] Starting script: openim-msggateway.sh
Start OpenIM Msggateway, binary root: openim-msggateway
+++ [0822 17:17:54] Start OpenIM Msggateway, path: /usr/local/etc/openim/open-im-server-main/_output/bin/platforms/linux/amd64/openim-msggateway
Stopping services with names: /usr/local/etc/openim/open-im-server-main/_output/bin/platforms/linux/amd64/openim-msggateway
Services that couldn't be stopped:
+++ [0822 17:17:54] Failed to stop the /usr/local/etc/openim/open-im-server-main/_output/bin/platforms/linux/amd64/openim-msggateway service.
[32m[success 0822 17:17:54] [0m==>  All specified services were stopped.
Stopping services on ports: 10140
[32m[success 0822 17:17:54] [0m==>  All specified services were stopped.
+++ [0822 17:17:54] OpenIM Mssage Getway ports: 10140
+++ [0822 17:17:54] OpenIM WS ports: 10001
+++ [0822 17:17:54] OpenIM Prometheus ports: 20140
+++ [0822 17:17:54] OpenIM Msggateway config path: /usr/local/etc/openim/open-im-server-main/config/
start push process, port: 10140, prometheus port: 20140
Checking processes: openim-msggateway
2025/08/22 17:17:54 maxprocs: Leaving GOMAXPROCS=4: CPU quota undefined
configFolderPath: /usr/local/etc/openim/open-im-server-main/config/
use config /usr/local/etc/openim/open-im-server-main/config/config.yaml
use config /usr/local/etc/openim/open-im-server-main/config/notification.yaml
start rpc/msg_gateway server, port:  10140 10001 20140 , OpenIM version:  v3.3.0
start MessageGateway server, port: 10140, prometheusPort: 20140, OpenIM version: v3.3.0
2025/08/22 17:17:54 Unable to start a http server.
Started processes:
Process openim-msggateway - Command: ./_output/bin/platforms/linux/amd64/openim-msggateway --port 10140 -c ./config/ --ws_port 10001 --prometheus_port 20140, PID: 169465, Port: 20140, Start time: Fri Aug 22 16:57:24 2025
Process openim-msggateway - Command: bash /usr/local/etc/openim/open-im-server-main/scripts/install/openim-msggateway.sh openim::msggateway::start, PID: 196703, Port: N/A, Start time: Fri Aug 22 17:17:53 2025
Process openim-msggateway - Command: , PID: 197207, Port: N/A, Start time: 
Process openim-msggateway - Command: , PID: 197210, Port: N/A, Start time: 
[32m[success 0822 17:17:54] [0m==>  All processes are running.
openim-msggateway.sh executed successfully.
+++ [0822 17:17:54] Starting script: openim-crontask.sh
panic: ==> github.com/openimsdk/open-im-server/v3/pkg/common/startrpc.Start()@149: : timeout exit

goroutine 1 [running]:
main.main()
	/usr/local/etc/openim/open-im-server-main/cmd/openim-push/main.go:31 +0x114
Start OpenIM Cron, binary root: openim-crontask
+++ [0822 17:17:55] Start OpenIM Cron, path: /usr/local/etc/openim/open-im-server-main/_output/bin/platforms/linux/amd64/openim-crontask
Stopping services with names: /usr/local/etc/openim/open-im-server-main/_output/bin/platforms/linux/amd64/openim-crontask
Services that couldn't be stopped:
+++ [0822 17:17:55] Failed to stop the /usr/local/etc/openim/open-im-server-main/_output/bin/platforms/linux/amd64/openim-crontask service.
[32m[success 0822 17:17:55] [0m==>  All specified services were stopped.
+++ [0822 17:17:55] start cron_task process, path: /usr/local/etc/openim/open-im-server-main/_output/bin/platforms/linux/amd64/openim-crontask
Checking processes: openim-crontask
2025/08/22 17:17:55 maxprocs: Leaving GOMAXPROCS=4: CPU quota undefined
configFolderPath: /usr/local/etc/openim/open-im-server-main/config/
use config /usr/local/etc/openim/open-im-server-main/config/config.yaml
use config /usr/local/etc/openim/open-im-server-main/config/notification.yaml
cron task start, config 0 2 * * 3
Started processes:
Process openim-crontask - Command: /usr/local/etc/openim/open-im-server/_output/bin/platforms/linux/amd64/openim-crontask -c /usr/local/etc/openim/open-im-server/config/, PID: 91811, Port: N/A, Start time: Fri Aug 22 16:09:40 2025
Process openim-crontask - Command: bash /usr/local/etc/openim/open-im-server-main/scripts/install/openim-crontask.sh openim::crontask::start, PID: 197303, Port: N/A, Start time: Fri Aug 22 17:17:54 2025
Process openim-crontask - Command: /usr/local/etc/openim/open-im-server-main/_output/bin/platforms/linux/amd64/openim-crontask -c /usr/local/etc/openim/open-im-server-main/config/, PID: 197754, Port: N/A, Start time: Fri Aug 22 17:17:54 2025
Process openim-crontask - Command: , PID: 197757, Port: N/A, Start time: 
[32m[success 0822 17:17:55] [0m==>  All processes are running.
openim-crontask.sh executed successfully.
+++ [0822 17:17:55] Starting script: openim-tools.sh
Starting OpenIM Tools...
Starting imctl...
openim-tools.sh executed successfully.

## Post Starting OpenIM services
Post-start actions for OpenIM Tools...
Starting infra...
Starting PATH: /usr/local/etc/openim/open-im-server-main/_output/bin/tools/linux/amd64/infra...
Starting infra...
Starting versionchecker...
Starting PATH: /usr/local/etc/openim/open-im-server-main/_output/bin/tools/linux/amd64/versionchecker...
Starting versionchecker...
[32m[success 0822 17:17:58] [0m==>  ✨  All OpenIM services have been successfully started!
Start OpenIM Msggateway, binary root: openim-msggateway
+++ [0822 17:32:58] Start OpenIM Msggateway, path: /usr/local/etc/openim/open-im-server-main/_output/bin/platforms/linux/amd64/openim-msggateway
Stopping services with names: /usr/local/etc/openim/open-im-server-main/_output/bin/platforms/linux/amd64/openim-msggateway
Services that couldn't be stopped:
+++ [0822 17:32:58] Failed to stop the /usr/local/etc/openim/open-im-server-main/_output/bin/platforms/linux/amd64/openim-msggateway service.
[32m[success 0822 17:32:58] [0m==>  All specified services were stopped.
Stopping services on ports: 10140
[32m[success 0822 17:32:58] [0m==>  All specified services were stopped.
+++ [0822 17:32:58] OpenIM Mssage Getway ports: 10140
+++ [0822 17:32:58] OpenIM WS ports: 10001
+++ [0822 17:32:58] OpenIM Prometheus ports: 20140
+++ [0822 17:32:58] OpenIM Msggateway config path: /usr/local/etc/openim/open-im-server-main/config/
start push process, port: 10140, prometheus port: 20140
Checking processes: openim-msggateway
2025/08/22 17:32:58 maxprocs: Leaving GOMAXPROCS=4: CPU quota undefined
configFolderPath: /usr/local/etc/openim/open-im-server-main/config/
use config /usr/local/etc/openim/open-im-server-main/config/config.yaml
use config /usr/local/etc/openim/open-im-server-main/config/notification.yaml
start rpc/msg_gateway server, port:  10140 10001 20140 , OpenIM version:  v3.3.0
start MessageGateway server, port: 10140, prometheusPort: 20140, OpenIM version: v3.3.0
Started processes:
Process openim-msggateway - Command: bash ./scripts/install/openim-msggateway.sh openim::msggateway::start, PID: 212297, Port: N/A, Start time: Fri Aug 22 17:32:57 2025
Process openim-msggateway - Command: /usr/local/etc/openim/open-im-server-main/_output/bin/platforms/linux/amd64/openim-msggateway --port 10140 --ws_port 10001 --prometheus_port 20140 -c /usr/local/etc/openim/open-im-server-main/config/, PID: 212794, Port: 20140
10140
10001, Start time: Fri Aug 22 17:32:57 2025
Process openim-msggateway - Command: , PID: 212797, Port: N/A, Start time: 
[32m[success 0822 17:32:58] [0m==>  All processes are running.

# Begin to start all openim service scripts

## Pre Starting OpenIM services
Preparing to start OpenIM Tools...
Starting ncpu...
Starting PATH: /usr/local/etc/openim/open-im-server-main/_output/bin/tools/linux/amd64/ncpu...
Starting ncpu...
Starting component...
Starting PATH: /usr/local/etc/openim/open-im-server-main/_output/bin/tools/linux/amd64/component...
Starting component...
Starting up35...
Starting PATH: /usr/local/etc/openim/open-im-server-main/_output/bin/tools/linux/amd64/up35...
Starting up35...

## Starting OpenIM services
+++ [0822 17:46:08] Starting script: openim-api.sh
Starting openim-api ...
Stopping services on ports: 10002
[32m[success 0822 17:46:09] [0m==>  All specified services were stopped.
OpenIM openim-api config path: /usr/local/etc/openim/open-im-server-main/config/
Starting openim-api service, port: 10002, binary root: /usr/local/etc/openim/open-im-server-main/_output/bin/platforms/linux/amd64/openim-api
2025/08/22 17:46:09 maxprocs: Leaving GOMAXPROCS=4: CPU quota undefined
configFolderPath: /usr/local/etc/openim/open-im-server-main/config/
use config /usr/local/etc/openim/open-im-server-main/config/config.yaml
use config /usr/local/etc/openim/open-im-server-main/config/notification.yaml
PortFromConfig: prometheus_port
GetPortFromConfig: prometheus_port
Checking ports: 10002

### Started ports:
Port 10002 - Command: openim-api, PID: 226643, FD: 11, Started: Fri Aug 22 17:46:08 2025
[32m[success 0822 17:46:11] [0m==>  All specified processes are running.
openim-api.sh executed successfully.
+++ [0822 17:46:11] Starting script: openim-rpc.sh
Starting openim-rpc ...
Stopping services on ports: 10110
[32m[success 0822 17:46:11] [0m==>  All specified services were stopped.
OpenIM openim-rpc-user config path: /usr/local/etc/openim/open-im-server-main/config
Starting openim-rpc-user service, port: 10110, prometheus port: 20110, binary root: /usr/local/etc/openim/open-im-server-main/_output/bin/platforms/linux/amd64/openim-rpc-user
Stopping services on ports: 10120
2025/08/22 17:46:11 maxprocs: Leaving GOMAXPROCS=4: CPU quota undefined
configFolderPath: /usr/local/etc/openim/open-im-server-main/config
use config /usr/local/etc/openim/open-im-server-main/config/config.yaml
use config /usr/local/etc/openim/open-im-server-main/config/notification.yaml
start User server, port: 10110, prometheusPort: 20110, OpenIM version: v3.3.0
[32m[success 0822 17:46:11] [0m==>  All specified services were stopped.
OpenIM openim-rpc-friend config path: /usr/local/etc/openim/open-im-server-main/config
Starting openim-rpc-friend service, port: 10120, prometheus port: 20120, binary root: /usr/local/etc/openim/open-im-server-main/_output/bin/platforms/linux/amd64/openim-rpc-friend
Stopping services on ports: 10130
2025/08/22 17:46:11 maxprocs: Leaving GOMAXPROCS=4: CPU quota undefined
configFolderPath: /usr/local/etc/openim/open-im-server-main/config
use config /usr/local/etc/openim/open-im-server-main/config/config.yaml
use config /usr/local/etc/openim/open-im-server-main/config/notification.yaml
start Friend server, port: 10120, prometheusPort: 20120, OpenIM version: v3.3.0
2025/08/22 17:46:11 Unable to start a http server.
[32m[success 0822 17:46:11] [0m==>  All specified services were stopped.
OpenIM openim-rpc-msg config path: /usr/local/etc/openim/open-im-server-main/config
Starting openim-rpc-msg service, port: 10130, prometheus port: 20130, binary root: /usr/local/etc/openim/open-im-server-main/_output/bin/platforms/linux/amd64/openim-rpc-msg
Stopping services on ports: 10150
2025/08/22 17:46:12 maxprocs: Leaving GOMAXPROCS=4: CPU quota undefined
configFolderPath: /usr/local/etc/openim/open-im-server-main/config
use config /usr/local/etc/openim/open-im-server-main/config/config.yaml
2025/08/22 17:46:12 Unable to start a http server.
use config /usr/local/etc/openim/open-im-server-main/config/notification.yaml
start Msg server, port: 10130, prometheusPort: 20130, OpenIM version: v3.3.0
[32m[success 0822 17:46:12] [0m==>  All specified services were stopped.
OpenIM openim-rpc-group config path: /usr/local/etc/openim/open-im-server-main/config
Starting openim-rpc-group service, port: 10150, prometheus port: 20150, binary root: /usr/local/etc/openim/open-im-server-main/_output/bin/platforms/linux/amd64/openim-rpc-group
Stopping services on ports: 10160
2025/08/22 17:46:12 maxprocs: Leaving GOMAXPROCS=4: CPU quota undefined
configFolderPath: /usr/local/etc/openim/open-im-server-main/config
use config /usr/local/etc/openim/open-im-server-main/config/config.yaml
use config /usr/local/etc/openim/open-im-server-main/config/notification.yaml
start Group server, port: 10150, prometheusPort: 20150, OpenIM version: v3.3.0
[32m[success 0822 17:46:12] [0m==>  All specified services were stopped.
OpenIM openim-rpc-auth config path: /usr/local/etc/openim/open-im-server-main/config
2025/08/22 17:46:12 Unable to start a http server.
Starting openim-rpc-auth service, port: 10160, prometheus port: 20160, binary root: /usr/local/etc/openim/open-im-server-main/_output/bin/platforms/linux/amd64/openim-rpc-auth
Stopping services on ports: 10180
2025/08/22 17:46:12 maxprocs: Leaving GOMAXPROCS=4: CPU quota undefined
configFolderPath: /usr/local/etc/openim/open-im-server-main/config
use config /usr/local/etc/openim/open-im-server-main/config/config.yaml
2025/08/22 17:46:12 Unable to start a http server.
use config /usr/local/etc/openim/open-im-server-main/config/notification.yaml
start Auth server, port: 10160, prometheusPort: 20160, OpenIM version: v3.3.0
[32m[success 0822 17:46:12] [0m==>  All specified services were stopped.
OpenIM openim-rpc-conversation config path: /usr/local/etc/openim/open-im-server-main/config
Starting openim-rpc-conversation service, port: 10180, prometheus port: 20230, binary root: /usr/local/etc/openim/open-im-server-main/_output/bin/platforms/linux/amd64/openim-rpc-conversation
Stopping services on ports: 10190
2025/08/22 17:46:12 maxprocs: Leaving GOMAXPROCS=4: CPU quota undefined
configFolderPath: /usr/local/etc/openim/open-im-server-main/config
use config /usr/local/etc/openim/open-im-server-main/config/config.yaml
use config /usr/local/etc/openim/open-im-server-main/config/notification.yaml
start Conversation server, port: 10180, prometheusPort: 20230, OpenIM version: v3.3.0
2025/08/22 17:46:12 Unable to start a http server.
[32m[success 0822 17:46:12] [0m==>  All specified services were stopped.
OpenIM openim-rpc-third config path: /usr/local/etc/openim/open-im-server-main/config
Starting openim-rpc-third service, port: 10190, prometheus port: 21301, binary root: /usr/local/etc/openim/open-im-server-main/_output/bin/platforms/linux/amd64/openim-rpc-third
Stopping services on ports: 10200
2025/08/22 17:46:12 maxprocs: Leaving GOMAXPROCS=4: CPU quota undefined
configFolderPath: /usr/local/etc/openim/open-im-server-main/config
use config /usr/local/etc/openim/open-im-server-main/config/config.yaml
use config /usr/local/etc/openim/open-im-server-main/config/notification.yaml
start Third server, port: 10190, prometheusPort: 21301, OpenIM version: v3.3.0
2025/08/22 17:46:12 Unable to start a http server.
[32m[success 0822 17:46:12] [0m==>  All specified services were stopped.
OpenIM openim-rpc-encryption config path: /usr/local/etc/openim/open-im-server-main/config
Starting openim-rpc-encryption service, port: 10200, prometheus port: 21302, binary root: /usr/local/etc/openim/open-im-server-main/_output/bin/platforms/linux/amd64/openim-rpc-encryption
2025/08/22 17:46:12 maxprocs: Leaving GOMAXPROCS=4: CPU quota undefined
configFolderPath: /usr/local/etc/openim/open-im-server-main/config
use config /usr/local/etc/openim/open-im-server-main/config/config.yaml
use config /usr/local/etc/openim/open-im-server-main/config/notification.yaml
start Encryption server, port: 10200, prometheusPort: 21302, OpenIM version: v3.3.0
2025/08/22 17:46:12 Unable to start a http server.
2025/08/22 17:46:12 Unable to start a http server.
Checking ports: 10110 10120 10130 10150 10160 10180 10190 10200

### Not started ports:
!!! [0822 17:46:13] Port 10110 is not started.
!!! [0822 17:46:13] Port 10120 is not started.
!!! [0822 17:46:13] Port 10130 is not started.
!!! [0822 17:46:13] Port 10150 is not started.
!!! [0822 17:46:13] Port 10160 is not started.
!!! [0822 17:46:13] Port 10180 is not started.
!!! [0822 17:46:13] Port 10190 is not started.
!!! [0822 17:46:13] Port 10200 is not started.
!!! [0822 17:46:13] Call tree:
!!! [0822 17:46:13]  1: /usr/local/etc/openim/open-im-server-main/scripts/install/openim-rpc.sh:245 openim::rpc::start(...)
[31m!!! Error in /usr/local/etc/openim/open-im-server-main/scripts/install/openim-rpc.sh:147 [0m
  Error in /usr/local/etc/openim/open-im-server-main/scripts/install/openim-rpc.sh:147. 'return 1' exited with status 1
Call stack:
  1: /usr/local/etc/openim/open-im-server-main/scripts/install/openim-rpc.sh:147 openim::rpc::start(...)
  2: /usr/local/etc/openim/open-im-server-main/scripts/install/openim-rpc.sh:245 main(...)
Exiting with status 1
!!! [0822 17:46:13] Call tree:
!!! [0822 17:46:13]  1: ./scripts/start-all.sh:78 execute_scripts(...)
[31m!!! Error in ./scripts/start-all.sh:55 [0m
  Error in ./scripts/start-all.sh:55. '"$script_path" "$arg"' exited with status 1
Call stack:
  1: ./scripts/start-all.sh:55 execute_scripts(...)
  2: ./scripts/start-all.sh:78 main(...)
Exiting with status 1
Error: ==> github.com/openimsdk/open-im-server/v3/internal/msggateway.(*WsServer).Run()@221: : timeout exit
Usage:
  Start openIM application [flags]

Flags:
  -c, --config_folder_path string   path to config file folder
  -h, --help                        help for Start
  -p, --port int                    server listen port
      --prometheus_port int         server prometheus listen port
  -w, --ws_port int                 ws server listen port

panic: ==> github.com/openimsdk/open-im-server/v3/internal/msggateway.(*WsServer).Run()@221: : timeout exit

goroutine 1 [running]:
main.main()
	/usr/local/etc/openim/open-im-server-main/cmd/openim-msggateway/main.go:28 +0xf6
panic: ==> github.com/openimsdk/open-im-server/v3/pkg/common/startrpc.Start()@149: : timeout exit

goroutine 1 [running]:
main.main()
	/usr/local/etc/openim/open-im-server-main/cmd/openim-rpc/openim-rpc-encryption/main.go:31 +0x114
panic: ==> github.com/openimsdk/open-im-server/v3/pkg/common/startrpc.Start()@149: : timeout exit

goroutine 1 [running]:
main.main()
	/usr/local/etc/openim/open-im-server-main/cmd/openim-rpc/openim-rpc-msg/main.go:31 +0x114
panic: ==> github.com/openimsdk/open-im-server/v3/pkg/common/startrpc.Start()@149: : timeout exit

goroutine 1 [running]:
main.main()
	/usr/local/etc/openim/open-im-server-main/cmd/openim-rpc/openim-rpc-conversation/main.go:31 +0x114
panic: ==> github.com/openimsdk/open-im-server/v3/pkg/common/startrpc.Start()@149: : timeout exit

goroutine 1 [running]:
main.main()
	/usr/local/etc/openim/open-im-server-main/cmd/openim-rpc/openim-rpc-group/main.go:31 +0x114
panic: ==> github.com/openimsdk/open-im-server/v3/pkg/common/startrpc.Start()@149: : timeout exit

goroutine 1 [running]:
main.main()
	/usr/local/etc/openim/open-im-server-main/cmd/openim-rpc/openim-rpc-third/main.go:31 +0x114
panic: ==> github.com/openimsdk/open-im-server/v3/pkg/common/startrpc.Start()@149: : timeout exit

goroutine 1 [running]:
main.main()
	/usr/local/etc/openim/open-im-server-main/cmd/openim-rpc/openim-rpc-friend/main.go:31 +0x114
panic: ==> github.com/openimsdk/open-im-server/v3/pkg/common/startrpc.Start()@149: : timeout exit

goroutine 1 [running]:
main.main()
	/usr/local/etc/openim/open-im-server-main/cmd/openim-rpc/openim-rpc-auth/main.go:31 +0x114
panic: ==> github.com/openimsdk/open-im-server/v3/pkg/common/startrpc.Start()@149: : timeout exit

goroutine 1 [running]:
main.main()
	/usr/local/etc/openim/open-im-server-main/cmd/openim-rpc/openim-rpc-user/main.go:31 +0x114

# Begin to start all openim service scripts

## Pre Starting OpenIM services
Preparing to start OpenIM Tools...
Starting ncpu...
Starting PATH: /usr/local/etc/openim/open-im-server-main/_output/bin/tools/linux/amd64/ncpu...
Starting ncpu...
Starting component...
Starting PATH: /usr/local/etc/openim/open-im-server-main/_output/bin/tools/linux/amd64/component...
Starting component...
Starting up35...
Starting PATH: /usr/local/etc/openim/open-im-server-main/_output/bin/tools/linux/amd64/up35...
Starting up35...

## Starting OpenIM services
+++ [0822 17:49:24] Starting script: openim-api.sh
Starting openim-api ...
Stopping services on ports: 10002
Stopped services on ports:
Successfully stopped service on port 10002.
[32m[success 0822 17:49:25] [0m==>  All specified services were stopped.
OpenIM openim-api config path: /usr/local/etc/openim/open-im-server-main/config/
Starting openim-api service, port: 10002, binary root: /usr/local/etc/openim/open-im-server-main/_output/bin/platforms/linux/amd64/openim-api
nohup: ignoring input
2025/08/22 17:49:25 maxprocs: Leaving GOMAXPROCS=4: CPU quota undefined
configFolderPath: /usr/local/etc/openim/open-im-server-main/config/
use config /usr/local/etc/openim/open-im-server-main/config/config.yaml
use config /usr/local/etc/openim/open-im-server-main/config/notification.yaml
PortFromConfig: prometheus_port
GetPortFromConfig: prometheus_port
Checking ports: 10002

### Started ports:
Port 10002 - Command: openim-api, PID: 232394, FD: 9, Started: Fri Aug 22 17:49:24 2025
[32m[success 0822 17:49:27] [0m==>  All specified processes are running.
openim-api.sh executed successfully.
+++ [0822 17:49:27] Starting script: openim-rpc.sh
Starting openim-rpc ...
Stopping services on ports: 10110
[32m[success 0822 17:49:27] [0m==>  All specified services were stopped.
OpenIM openim-rpc-user config path: /usr/local/etc/openim/open-im-server-main/config
Starting openim-rpc-user service, port: 10110, prometheus port: 20110, binary root: /usr/local/etc/openim/open-im-server-main/_output/bin/platforms/linux/amd64/openim-rpc-user
2025/08/22 17:49:27 maxprocs: Leaving GOMAXPROCS=4: CPU quota undefined
configFolderPath: /usr/local/etc/openim/open-im-server-main/config
use config /usr/local/etc/openim/open-im-server-main/config/config.yaml
use config /usr/local/etc/openim/open-im-server-main/config/notification.yaml
start User server, port: 10110, prometheusPort: 20110, OpenIM version: v3.3.0
Stopping services on ports: 10120
[32m[success 0822 17:49:29] [0m==>  All specified services were stopped.
OpenIM openim-rpc-friend config path: /usr/local/etc/openim/open-im-server-main/config
Starting openim-rpc-friend service, port: 10120, prometheus port: 20120, binary root: /usr/local/etc/openim/open-im-server-main/_output/bin/platforms/linux/amd64/openim-rpc-friend
2025/08/22 17:49:29 maxprocs: Leaving GOMAXPROCS=4: CPU quota undefined
configFolderPath: /usr/local/etc/openim/open-im-server-main/config
use config /usr/local/etc/openim/open-im-server-main/config/config.yaml
use config /usr/local/etc/openim/open-im-server-main/config/notification.yaml
start Friend server, port: 10120, prometheusPort: 20120, OpenIM version: v3.3.0
Stopping services on ports: 10130
[32m[success 0822 17:49:31] [0m==>  All specified services were stopped.
OpenIM openim-rpc-msg config path: /usr/local/etc/openim/open-im-server-main/config
Starting openim-rpc-msg service, port: 10130, prometheus port: 20130, binary root: /usr/local/etc/openim/open-im-server-main/_output/bin/platforms/linux/amd64/openim-rpc-msg
2025/08/22 17:49:31 maxprocs: Leaving GOMAXPROCS=4: CPU quota undefined
configFolderPath: /usr/local/etc/openim/open-im-server-main/config
use config /usr/local/etc/openim/open-im-server-main/config/config.yaml
use config /usr/local/etc/openim/open-im-server-main/config/notification.yaml
start Msg server, port: 10130, prometheusPort: 20130, OpenIM version: v3.3.0
Stopping services on ports: 10150
[32m[success 0822 17:49:33] [0m==>  All specified services were stopped.
OpenIM openim-rpc-group config path: /usr/local/etc/openim/open-im-server-main/config
Starting openim-rpc-group service, port: 10150, prometheus port: 20150, binary root: /usr/local/etc/openim/open-im-server-main/_output/bin/platforms/linux/amd64/openim-rpc-group
2025/08/22 17:49:33 maxprocs: Leaving GOMAXPROCS=4: CPU quota undefined
configFolderPath: /usr/local/etc/openim/open-im-server-main/config
use config /usr/local/etc/openim/open-im-server-main/config/config.yaml
use config /usr/local/etc/openim/open-im-server-main/config/notification.yaml
start Group server, port: 10150, prometheusPort: 20150, OpenIM version: v3.3.0
Stopping services on ports: 10160
[32m[success 0822 17:49:36] [0m==>  All specified services were stopped.
OpenIM openim-rpc-auth config path: /usr/local/etc/openim/open-im-server-main/config
Starting openim-rpc-auth service, port: 10160, prometheus port: 20160, binary root: /usr/local/etc/openim/open-im-server-main/_output/bin/platforms/linux/amd64/openim-rpc-auth
2025/08/22 17:49:36 maxprocs: Leaving GOMAXPROCS=4: CPU quota undefined
configFolderPath: /usr/local/etc/openim/open-im-server-main/config
use config /usr/local/etc/openim/open-im-server-main/config/config.yaml
use config /usr/local/etc/openim/open-im-server-main/config/notification.yaml
start Auth server, port: 10160, prometheusPort: 20160, OpenIM version: v3.3.0
Stopping services on ports: 10180
[32m[success 0822 17:49:38] [0m==>  All specified services were stopped.
OpenIM openim-rpc-conversation config path: /usr/local/etc/openim/open-im-server-main/config
Starting openim-rpc-conversation service, port: 10180, prometheus port: 20230, binary root: /usr/local/etc/openim/open-im-server-main/_output/bin/platforms/linux/amd64/openim-rpc-conversation
2025/08/22 17:49:38 maxprocs: Leaving GOMAXPROCS=4: CPU quota undefined
configFolderPath: /usr/local/etc/openim/open-im-server-main/config
use config /usr/local/etc/openim/open-im-server-main/config/config.yaml
use config /usr/local/etc/openim/open-im-server-main/config/notification.yaml
start Conversation server, port: 10180, prometheusPort: 20230, OpenIM version: v3.3.0
Stopping services on ports: 10190
[32m[success 0822 17:49:40] [0m==>  All specified services were stopped.
OpenIM openim-rpc-third config path: /usr/local/etc/openim/open-im-server-main/config
Starting openim-rpc-third service, port: 10190, prometheus port: 21301, binary root: /usr/local/etc/openim/open-im-server-main/_output/bin/platforms/linux/amd64/openim-rpc-third
2025/08/22 17:49:40 maxprocs: Leaving GOMAXPROCS=4: CPU quota undefined
configFolderPath: /usr/local/etc/openim/open-im-server-main/config
use config /usr/local/etc/openim/open-im-server-main/config/config.yaml
use config /usr/local/etc/openim/open-im-server-main/config/notification.yaml
start Third server, port: 10190, prometheusPort: 21301, OpenIM version: v3.3.0
Stopping services on ports: 10200
[32m[success 0822 17:49:42] [0m==>  All specified services were stopped.
OpenIM openim-rpc-encryption config path: /usr/local/etc/openim/open-im-server-main/config
Starting openim-rpc-encryption service, port: 10200, prometheus port: 21302, binary root: /usr/local/etc/openim/open-im-server-main/_output/bin/platforms/linux/amd64/openim-rpc-encryption
2025/08/22 17:49:42 maxprocs: Leaving GOMAXPROCS=4: CPU quota undefined
configFolderPath: /usr/local/etc/openim/open-im-server-main/config
use config /usr/local/etc/openim/open-im-server-main/config/config.yaml
use config /usr/local/etc/openim/open-im-server-main/config/notification.yaml
start Encryption server, port: 10200, prometheusPort: 21302, OpenIM version: v3.3.0
Checking RPC service ports...
Port 10110 is listening successfully
Port 10120 is listening successfully
Port 10130 is listening successfully
Port 10150 is listening successfully
Port 10160 is listening successfully
Port 10180 is listening successfully
Port 10190 is listening successfully
Port 10200 is listening successfully
All RPC services started successfully
openim-rpc.sh executed successfully.
+++ [0822 17:49:49] Starting script: openim-push.sh
+++ [0822 17:49:49] Start OpenIM Push, binary root: openim-push
Start OpenIM Push, path: /usr/local/etc/openim/open-im-server-main/_output/bin/platforms/linux/amd64/openim-push
+++ [0822 17:49:49] prepare start push process, path: /usr/local/etc/openim/open-im-server-main/_output/bin/platforms/linux/amd64/openim-push
+++ [0822 17:49:49] prepare start push process, port: 10170, prometheus port: 20170
Stopping services with names: openim-push
Services that couldn't be stopped:
+++ [0822 17:49:49] Failed to stop the openim-push service.
[32m[success 0822 17:49:49] [0m==>  All specified services were stopped.
+++ [0822 17:49:49] push port list: 10170
+++ [0822 17:49:49] prometheus port list: 20170
start push process, port: 10170, prometheus port: 20170
Checking processes: openim-push
2025/08/22 17:49:49 maxprocs: Leaving GOMAXPROCS=4: CPU quota undefined
configFolderPath: /usr/local/etc/openim/open-im-server-main/config/
use config /usr/local/etc/openim/open-im-server-main/config/config.yaml
use config /usr/local/etc/openim/open-im-server-main/config/notification.yaml
start Push server, port: 10170, prometheusPort: 20170, OpenIM version: v3.3.0
Started processes:
Process openim-push - Command: bash /usr/local/etc/openim/open-im-server-main/scripts/install/openim-push.sh openim::push::start, PID: 233616, Port: N/A, Start time: Fri Aug 22 17:49:48 2025
Process openim-push - Command: /usr/local/etc/openim/open-im-server-main/_output/bin/platforms/linux/amd64/openim-push --port 10170 -c /usr/local/etc/openim/open-im-server-main/config/ --prometheus_port 20170, PID: 234089, Port: 20170
10170, Start time: Fri Aug 22 17:49:48 2025
Process openim-push - Command: , PID: 234092, Port: N/A, Start time: 
[32m[success 0822 17:49:50] [0m==>  All processes are running.
openim-push.sh executed successfully.
+++ [0822 17:49:50] Starting script: openim-msgtransfer.sh
Start OpenIM Msggateway, binary root: openim-msgtransfer
+++ [0822 17:49:50] Start OpenIM Msggateway, path: /usr/local/etc/openim/open-im-server-main/_output/bin/platforms/linux/amd64/openim-msgtransfer
Stopping services with names: /usr/local/etc/openim/open-im-server-main/_output/bin/platforms/linux/amd64/openim-msgtransfer
Services that couldn't be stopped:
+++ [0822 17:49:50] Failed to stop the /usr/local/etc/openim/open-im-server-main/_output/bin/platforms/linux/amd64/openim-msgtransfer service.
[32m[success 0822 17:49:50] [0m==>  All specified services were stopped.
+++ [0822 17:49:50] OpenIM Prometheus ports: openim::util::list-to-string 21400, 21401, 21402, 21403
+++ [0822 17:49:50] OpenIM Msggateway config path: /usr/local/etc/openim/open-im-server-main/config/
openim maggateway num: 4
prometheus port: openim::util::list-to-string
prometheus port: 21400,
prometheus port: 21401,
prometheus port: 21402,
Checking processes: /usr/local/etc/openim/open-im-server-main/_output/bin/platforms/linux/amd64/openim-msgtransfer
2025/08/22 17:49:50 maxprocs: Leaving GOMAXPROCS=4: CPU quota undefined
configFolderPath: /usr/local/etc/openim/open-im-server-main/config/
use config /usr/local/etc/openim/open-im-server-main/config/config.yaml
2025/08/22 17:49:50 maxprocs: Leaving GOMAXPROCS=4: CPU quota undefined
configFolderPath: /usr/local/etc/openim/open-im-server-main/config/
use config /usr/local/etc/openim/open-im-server-main/config/config.yaml
use config /usr/local/etc/openim/open-im-server-main/config/notification.yaml
PortFromConfig: prometheus_port
GetPortFromConfig: prometheus_port
2025/08/22 17:49:50 maxprocs: Leaving GOMAXPROCS=4: CPU quota undefined
configFolderPath: /usr/local/etc/openim/open-im-server-main/config/
use config /usr/local/etc/openim/open-im-server-main/config/notification.yaml
PortFromConfig: prometheus_port
GetPortFromConfig: prometheus_port
panic: runtime error: index out of range [1] with length 1

goroutine 1 [running]:
github.com/openimsdk/open-im-server/v3/pkg/common/cmd.(*MsgTransferCmd).GetPortFromConfig(0x16a28a0?, {0x1451cc8, 0xf})
	/usr/local/etc/openim/open-im-server-main/pkg/common/cmd/msg_transfer.go:55 +0x118
github.com/openimsdk/open-im-server/v3/pkg/common/cmd.(*RootCmd).PortFromConfig(0xc0000e7800, {0x1451cc8, 0xf})
	/usr/local/etc/openim/open-im-server-main/pkg/common/cmd/root.go:185 +0xad
github.com/openimsdk/open-im-server/v3/pkg/common/cmd.(*RootCmd).getPrometheusPortFlag(0x0?, 0x0?)
	/usr/local/etc/openim/open-im-server-main/pkg/common/cmd/root.go:156 +0x51
github.com/openimsdk/open-im-server/v3/pkg/common/cmd.(*MsgTransferCmd).addRunE.func1(0xc0000e7800?, {0x143db7c?, 0x4?, 0x4?})
	/usr/local/etc/openim/open-im-server-main/pkg/common/cmd/msg_transfer.go:40 +0x26
github.com/spf13/cobra.(*Command).execute(0xc0000e7800, {0xc00003e0b0, 0x4, 0x4})
	/root/go/pkg/mod/github.com/spf13/cobra@v1.7.0/command.go:940 +0x862
github.com/spf13/cobra.(*Command).ExecuteC(0xc0000e7800)
	/root/go/pkg/mod/github.com/spf13/cobra@v1.7.0/command.go:1068 +0x3bd
github.com/spf13/cobra.(*Command).Execute(...)
	/root/go/pkg/mod/github.com/spf13/cobra@v1.7.0/command.go:992
github.com/openimsdk/open-im-server/v3/pkg/common/cmd.(*RootCmd).Execute(...)
	/usr/local/etc/openim/open-im-server-main/pkg/common/cmd/root.go:172
github.com/openimsdk/open-im-server/v3/pkg/common/cmd.(*MsgTransferCmd).Exec(0xc0000c48d0)
	/usr/local/etc/openim/open-im-server-main/pkg/common/cmd/msg_transfer.go:46 +0x2d
main.main()
	/usr/local/etc/openim/open-im-server-main/cmd/openim-msgtransfer/main.go:25 +0xbb
2025/08/22 17:49:50 maxprocs: Leaving GOMAXPROCS=4: CPU quota undefined
configFolderPath: /usr/local/etc/openim/open-im-server-main/config/
use config /usr/local/etc/openim/open-im-server-main/config/config.yaml
use config /usr/local/etc/openim/open-im-server-main/config/notification.yaml
PortFromConfig: prometheus_port
GetPortFromConfig: prometheus_port
use config /usr/local/etc/openim/open-im-server-main/config/config.yaml
use config /usr/local/etc/openim/open-im-server-main/config/notification.yaml
PortFromConfig: prometheus_port
GetPortFromConfig: prometheus_port
panic: runtime error: index out of range [2] with length 1

goroutine 1 [running]:
github.com/openimsdk/open-im-server/v3/pkg/common/cmd.(*MsgTransferCmd).GetPortFromConfig(0x16a28a0?, {0x1451cc8, 0xf})
	/usr/local/etc/openim/open-im-server-main/pkg/common/cmd/msg_transfer.go:55 +0x118
github.com/openimsdk/open-im-server/v3/pkg/common/cmd.(*RootCmd).PortFromConfig(0xc0005dc900, {0x1451cc8, 0xf})
	/usr/local/etc/openim/open-im-server-main/pkg/common/cmd/root.go:185 +0xad
github.com/openimsdk/open-im-server/v3/pkg/common/cmd.(*RootCmd).getPrometheusPortFlag(0x0?, 0x0?)
	/usr/local/etc/openim/open-im-server-main/pkg/common/cmd/root.go:156 +0x51
github.com/openimsdk/open-im-server/v3/pkg/common/cmd.(*MsgTransferCmd).addRunE.func1(0xc0005dc900?, {0x143db7c?, 0x4?, 0x4?})
	/usr/local/etc/openim/open-im-server-main/pkg/common/cmd/msg_transfer.go:40 +0x26
github.com/spf13/cobra.(*Command).execute(0xc0005dc900, {0xc00003e0b0, 0x4, 0x4})
	/root/go/pkg/mod/github.com/spf13/cobra@v1.7.0/command.go:940 +0x862
github.com/spf13/cobra.(*Command).ExecuteC(0xc0005dc900)
	/root/go/pkg/mod/github.com/spf13/cobra@v1.7.0/command.go:1068 +0x3bd
github.com/spf13/cobra.(*Command).Execute(...)
	/root/go/pkg/mod/github.com/spf13/cobra@v1.7.0/command.go:992
github.com/openimsdk/open-im-server/v3/pkg/common/cmd.(*RootCmd).Execute(...)
	/usr/local/etc/openim/open-im-server-main/pkg/common/cmd/root.go:172
github.com/openimsdk/open-im-server/v3/pkg/common/cmd.(*MsgTransferCmd).Exec(0xc0005842f8)
	/usr/local/etc/openim/open-im-server-main/pkg/common/cmd/msg_transfer.go:46 +0x2d
main.main()
	/usr/local/etc/openim/open-im-server-main/cmd/openim-msgtransfer/main.go:25 +0xbb
panic: runtime error: index out of range [3] with length 1

goroutine 1 [running]:
github.com/openimsdk/open-im-server/v3/pkg/common/cmd.(*MsgTransferCmd).GetPortFromConfig(0x16a28a0?, {0x1451cc8, 0xf})
	/usr/local/etc/openim/open-im-server-main/pkg/common/cmd/msg_transfer.go:55 +0x118
github.com/openimsdk/open-im-server/v3/pkg/common/cmd.(*RootCmd).PortFromConfig(0xc000005500, {0x1451cc8, 0xf})
	/usr/local/etc/openim/open-im-server-main/pkg/common/cmd/root.go:185 +0xad
github.com/openimsdk/open-im-server/v3/pkg/common/cmd.(*RootCmd).getPrometheusPortFlag(0x0?, 0x0?)
	/usr/local/etc/openim/open-im-server-main/pkg/common/cmd/root.go:156 +0x51
github.com/openimsdk/open-im-server/v3/pkg/common/cmd.(*MsgTransferCmd).addRunE.func1(0xc000005500?, {0x143db7c?, 0x4?, 0x4?})
	/usr/local/etc/openim/open-im-server-main/pkg/common/cmd/msg_transfer.go:40 +0x26
github.com/spf13/cobra.(*Command).execute(0xc000005500, {0xc0000cc010, 0x4, 0x4})
	/root/go/pkg/mod/github.com/spf13/cobra@v1.7.0/command.go:940 +0x862
github.com/spf13/cobra.(*Command).ExecuteC(0xc000005500)
	/root/go/pkg/mod/github.com/spf13/cobra@v1.7.0/command.go:1068 +0x3bd
github.com/spf13/cobra.(*Command).Execute(...)
	/root/go/pkg/mod/github.com/spf13/cobra@v1.7.0/command.go:992
github.com/openimsdk/open-im-server/v3/pkg/common/cmd.(*RootCmd).Execute(...)
	/usr/local/etc/openim/open-im-server-main/pkg/common/cmd/root.go:172
github.com/openimsdk/open-im-server/v3/pkg/common/cmd.(*MsgTransferCmd).Exec(0xc000012658)
	/usr/local/etc/openim/open-im-server-main/pkg/common/cmd/msg_transfer.go:46 +0x2d
main.main()
	/usr/local/etc/openim/open-im-server-main/cmd/openim-msgtransfer/main.go:25 +0xbb
start msg transfer prometheusPort: 20002
msg transfer not start mysql consumer
Started processes:
Process /usr/local/etc/openim/open-im-server-main/_output/bin/platforms/linux/amd64/openim-msgtransfer - Command: /usr/local/etc/openim/open-im-server-main/_output/bin/platforms/linux/amd64/openim-msgtransfer -c /usr/local/etc/openim/open-im-server-main/config/ -n 0, PID: 234638, Port: N/A, Start time: Fri Aug 22 17:49:49 2025
Process /usr/local/etc/openim/open-im-server-main/_output/bin/platforms/linux/amd64/openim-msgtransfer - Command: , PID: 234648, Port: N/A, Start time: 
Process /usr/local/etc/openim/open-im-server-main/_output/bin/platforms/linux/amd64/openim-msgtransfer - Command: , PID: 234655, Port: N/A, Start time: 
[32m[success 0822 17:49:50] [0m==>  All processes are running.
openim-msgtransfer.sh executed successfully.
+++ [0822 17:49:50] Starting script: openim-msggateway.sh
Start OpenIM Msggateway, binary root: openim-msggateway
+++ [0822 17:49:51] Start OpenIM Msggateway, path: /usr/local/etc/openim/open-im-server-main/_output/bin/platforms/linux/amd64/openim-msggateway
Stopping services with names: /usr/local/etc/openim/open-im-server-main/_output/bin/platforms/linux/amd64/openim-msggateway
Services that couldn't be stopped:
+++ [0822 17:49:51] Failed to stop the /usr/local/etc/openim/open-im-server-main/_output/bin/platforms/linux/amd64/openim-msggateway service.
[32m[success 0822 17:49:51] [0m==>  All specified services were stopped.
Stopping services on ports: 10140
[32m[success 0822 17:49:51] [0m==>  All specified services were stopped.
+++ [0822 17:49:51] OpenIM Mssage Getway ports: 10140
+++ [0822 17:49:51] OpenIM WS ports: 10001
+++ [0822 17:49:51] OpenIM Prometheus ports: 20140
+++ [0822 17:49:51] OpenIM Msggateway config path: /usr/local/etc/openim/open-im-server-main/config/
start push process, port: 10140, prometheus port: 20140
Checking processes: openim-msggateway
2025/08/22 17:49:51 maxprocs: Leaving GOMAXPROCS=4: CPU quota undefined
configFolderPath: /usr/local/etc/openim/open-im-server-main/config/
use config /usr/local/etc/openim/open-im-server-main/config/config.yaml
use config /usr/local/etc/openim/open-im-server-main/config/notification.yaml
start rpc/msg_gateway server, port:  10140 10001 20140 , OpenIM version:  v3.3.0
start MessageGateway server, port: 10140, prometheusPort: 20140, OpenIM version: v3.3.0
Started processes:
Process openim-msggateway - Command: bash /usr/local/etc/openim/open-im-server-main/scripts/install/openim-msggateway.sh openim::msggateway::start, PID: 234750, Port: N/A, Start time: Fri Aug 22 17:49:49 2025
Process openim-msggateway - Command: /usr/local/etc/openim/open-im-server-main/_output/bin/platforms/linux/amd64/openim-msggateway --port 10140 --ws_port 10001 --prometheus_port 20140 -c /usr/local/etc/openim/open-im-server-main/config/, PID: 235247, Port: 20140
10140
10001, Start time: Fri Aug 22 17:49:50 2025
Process openim-msggateway - Command: , PID: 235250, Port: N/A, Start time: 
[32m[success 0822 17:49:51] [0m==>  All processes are running.
openim-msggateway.sh executed successfully.
+++ [0822 17:49:51] Starting script: openim-crontask.sh
Start OpenIM Cron, binary root: openim-crontask
+++ [0822 17:49:52] Start OpenIM Cron, path: /usr/local/etc/openim/open-im-server-main/_output/bin/platforms/linux/amd64/openim-crontask
Stopping services with names: /usr/local/etc/openim/open-im-server-main/_output/bin/platforms/linux/amd64/openim-crontask
Services that couldn't be stopped:
+++ [0822 17:49:52] Failed to stop the /usr/local/etc/openim/open-im-server-main/_output/bin/platforms/linux/amd64/openim-crontask service.
[32m[success 0822 17:49:52] [0m==>  All specified services were stopped.
+++ [0822 17:49:52] start cron_task process, path: /usr/local/etc/openim/open-im-server-main/_output/bin/platforms/linux/amd64/openim-crontask
Checking processes: openim-crontask
2025/08/22 17:49:52 maxprocs: Leaving GOMAXPROCS=4: CPU quota undefined
configFolderPath: /usr/local/etc/openim/open-im-server-main/config/
use config /usr/local/etc/openim/open-im-server-main/config/config.yaml
use config /usr/local/etc/openim/open-im-server-main/config/notification.yaml
cron task start, config 0 2 * * 3
Started processes:
Process openim-crontask - Command: bash /usr/local/etc/openim/open-im-server-main/scripts/install/openim-crontask.sh openim::crontask::start, PID: 235327, Port: N/A, Start time: Fri Aug 22 17:49:50 2025
Process openim-crontask - Command: /usr/local/etc/openim/open-im-server-main/_output/bin/platforms/linux/amd64/openim-crontask -c /usr/local/etc/openim/open-im-server-main/config/, PID: 235781, Port: N/A, Start time: Fri Aug 22 17:49:51 2025
Process openim-crontask - Command: , PID: 235784, Port: N/A, Start time: 
[32m[success 0822 17:49:52] [0m==>  All processes are running.
openim-crontask.sh executed successfully.
+++ [0822 17:49:52] Starting script: openim-tools.sh
Starting OpenIM Tools...
Starting imctl...
openim-tools.sh executed successfully.

## Post Starting OpenIM services
Post-start actions for OpenIM Tools...
Starting infra...
Starting PATH: /usr/local/etc/openim/open-im-server-main/_output/bin/tools/linux/amd64/infra...
Starting infra...
Starting versionchecker...
Starting PATH: /usr/local/etc/openim/open-im-server-main/_output/bin/tools/linux/amd64/versionchecker...
Starting versionchecker...

## Ensuring MessageGateway is running
MessageGateway is already running.
[32m[success 0822 17:49:54] [0m==>  ✨  All OpenIM services have been successfully started!
